Workbook

Sheet 2025
A1: PLANILLA URNI SEPTIEMBRE 2025
A2: N° | B2: FECHA NAC | C2: HORA | D2: Apellido Paterno RN | E2: NOMBRE COMPLETO MADRE DE RN | F2: RUT | G2: COMUNA | H2: CESFAM | I2: FECHA NAC MADRE | J2: TIPO DE PARTO | K2: E | L2: G | M2: SEXO | N2: 2480 | O2: Talla | P2: CC | Q2: Apego | R2: Lact antes 60' | S2: Profilaxis Ocular | T2: Vacuna Hepatitis B | U2: Profesional que vacuna VHB | V2: Vacuna BCG | W2: APGAR | Y2: Reanimación BÁSICA | Z2: Reanimación AVANZADA | AA2: Gases deCordón | AB2: APEGO CANGURO | AC2: APEGO TÚNEL | AD2: CLAMPEO TARDÍO | AE2: IVE CAUSAL 2 | AF2: MADRE VIH (+) | AG2: VDRL MATERNO | AI2: HEPATITIS B MATERNO | AK2: EDAD MATERNA | AL2: MIGRANTE | AM2: PUEBLO ORIGINARIO | AN2: DIAGNÓSTICO | AO2: MALFORMACION CONGÉNITA (SI/NO) | AP2: Describir malformación congénita | AQ2: Alojamiento Conjunto en Puerperio Inmediato | AR2: DESTINO RN | AS2: INTERNO | AT2: ACOMPAÑANTE EN PABELLON | AU2: OBSERVACIONES
K3: Sem | L3: Días | W3: 1' | X3: 5' | AG3: RESULTADO EXAMEN | AH3: TRATAMIENTO | AI3: RESULTADO EXAMEN | AJ3: PROFILAXIS COMPLETA SI/NO
A4: 1 | B4: 45901 | C4: 0.41388889 | G4: CHILLAN VIEJO | H4: FEDERICO PUGA | J4: CESAREA ELECTIVA | K4: 38 | L4: 2 | M4: FEMENINO | N4: 3450 | O4: 50 | P4: 35.5 | Q4: 4 | R4: SI | S4: SI | T4: SI | U4: KATHERINE RAMIREZ MEDINA | W4: 8 | X4: 9 | Y4: NO | Z4: NO | AA4: NO | AB4: SI | AC4: NO | AD4: SI | AE4: NO | AF4: NO | AG4: NO REACTIVO | AH4: NO | AI4: NEGATIVO | AJ4: NO | AK4: 27 | AL4: NO | AM4: NO | AN4: RNT 38 SEM AEG HMDIR | AO4: NO | AQ4: SI | AR4: RECUPERACION | AT4: SI
A5: 2 | B5: 45901 | C5: 0.49305556 | G5: CHILLAN | H5: SOL DE ORIENTE | J5: CESAREA ELECTIVA | K5: 39 | L5: 2 | M5: FEMENINO | N5: 3350 | O5: 50 | P5: 35 | Q5: 4 | R5: SI | S5: SI | T5: SI | U5: KATHERINE RAMIREZ MEDINA | W5: 8 | X5: 9 | Y5: NO | Z5: NO | AA5: NO | AB5: SI | AC5: NO | AD5: SI | AE5: NO | AF5: NO | AG5: NO REACTIVO | AH5: NO | AI5: NEGATIVO | AJ5: NO | AK5: 25 | AL5: NO | AM5: NO | AN5: RNT 39 SEM AEG | AO5: NO | AQ5: SI | AR5: RECUPERACION | AT5: SI
A6: 3 | B6: 45901 | C6: 0.6375 | G6: CHILLAN | H6: SOL DE ORIENTE | J6: EUTOCICO | K6: 39 | L6: 1 | M6: MASCULINO | N6: 3270 | O6: 49 | P6: 33 | Q6: 4 | R6: NO | S6: SI | T6: SI | U6: PATRICIA SANDOVAL | W6: 8 | X6: 9 | Y6: NO | Z6: NO | AA6: NO | AB6: N | AC6: NO | AD6: SI | AE6: NO | AF6: NO | AG6: NO REACTIVO | AH6: NO | AI6: NEGATIVO | AJ6: NO | AK6: 32 | AL6: SI | AM6: NO | AN6: RNT 39 SEM AEG OBS. CARDIOPATIA | AO6: NO | AQ6: NO | AR6: TIM NEO
A7: 4 | B7: 45901 | C7: 0.84305556 | G7: CHILLAN | H7: VIOLETA PARRA | J7: CESAREA URGENCIA | K7: 34 | L7: 6 | M7: MASCULINO | N7: 2470 | O7: 45 | P7: 33.5 | Q7: 4 | R7: SI | S7: SI | T7: SI | U7: CAMILA VERA | W7: 9 | X7: 9 | Y7: NO | Z7: NO | AA7: NO | AB7: NO | AC7: NO | AD7: SI | AE7: NO | AF7: NO | AG7: NO REACTIVO | AH7: NO | AI7: NEGATIVO | AJ7: NO | AK7: 36 | AL7: NO | AM7: NO | AN7: RNPT 34 AEG | AO7: NO | AQ7: SI | AR7: RECUPERACION
A8: 5 | B8: 45902 | C8: 0.15694444 | G8: PORTEZUELO | H8: PORTEZUELO | J8: EUTOCICO | K8: 41 | L8: 5 | M8: FEMENINO | N8: 4030 | O8: 50.5 | P8: 35.5 | Q8: 4 | R8: NO | S8: SI | T8: SI | U8: CAMILA VERA | W8: 8 | X8: 9 | Y8: NO | Z8: NO | AA8: NO | AB8: NO | AC8: NO | AD8: SI | AE8: NO | AF8: NO | AG8: NO REACTIVO | AH8: NO | AI8: NEGATIVO | AJ8: NO | AK8: 31 | AL8: NO | AM8: NO | AN8: RNT 41 SEM AEG | AO8: NO | AQ8: SI | AR8: SALA
A9: 6 | B9: 45902 | C9: 0.31805556 | G9: SAN IGNACIO | H9: PUEBLO SECO | J9: EUTOCICO | K9: 38 | L9: 6 | M9: FEMENINO | N9: 3660 | O9: 50.5 | P9: 35 | Q9: 4 | R9: SI | S9: SI | T9: SI | U9: ANA MENDEZ | W9: 9 | X9: 10 | Y9: NO | Z9: NO | AA9: NO | AB9: NO | AC9: NO | AD9: SI | AE9: NO | AF9: NO | AG9: NO REACTIVO | AH9: NO | AI9: NEGATIVO | AJ9: NO | AK9: 27 | AL9: NO | AM9: NO | AN9: RNT 38 SEM AEG | AO9: NO | AQ9: SI | AR9: SALA
A10: 7 | B10: 45902 | C10: 0.87083333 | G10: CHILLAN | H10: SAN RAMON NONATO | J10: EUTOCICO | K10: 36 | L10: 2 | M10: MASCULINO | N10: 2410 | O10: 45 | P10: 34 | Q10: 4 | R10: SI | S10: SI | T10: SI | U10: VALERIE HORSTMEIER | W10: 9 | X10: 10 | Y10: NO | Z10: NO | AA10: NO | AB10: NO | AC10: NO | AD10: SI | AE10: NO | AF10: NO | AG10: NO REACTIVO | AH10: NO | AI10: NEGATIVO | AJ10: NO | AK10: 21 | AL10: NO | AM10: NO | AN10: RNPT 36 SEM PEG | AO10: NO | AQ10: SI | AR10: SALA
A11: 8 | B11: 45903 | C11: 0.2875 | G11: CHILLAN | H11: VIOLETA PARRA | J11: EUTOCICO | K11: 39 | L11: 1 | M11: MASCULINO | N11: 3875 | O11: 50 | P11: 35 | Q11: 2 | R11: NO | S11: SI | T11: SI | U11: VALERIE HORSTMEIER | W11: 9 | X11: 10 | Y11: NO | Z11: NO | AA11: NO | AB11: NO | AC11: NO | AD11: SI | AE11: NO | AF11: NO | AG11: NO REACTIVO | AH11: NO | AI11: NEGATIVO | AJ11: NO | AK11: 42 | AL11: NO | AM11: NO | AN11: RNT 39 SEM AEG, SDR | AO11: NO | AQ11: SI | AR11: SALA
A12: 9 | B12: 45903 | C12: 0.4375 | G12: BULNES | H12: BULNES | J12: CESAREA ELECTIVA | K12: 37 | L12: 6 | M12: FEMENINO | N12: 3820 | O12: 52 | P12: 38 | Q12: 1 | R12: SI | S12: SI | T12: SI | U12: KATHERINE RAMIREZ MEDINA | W12: 7 | X12: 8 | Y12: SI | Z12: NO | AA12: NO | AB12: NO | AC12: NO | AD12: SI | AE12: NO | AF12: NO | AG12: NO REACTIVO | AH12: NO | AI12: NEGATIVO | AJ12: NO | AK12: 28 | AL12: NO | AM12: NO | AN12: RNT 37 SEM GEG | AO12: NO | AQ12: SI | AR12: RECUPERACION | AT12: NO
A13: 10 | B13: 45903 | C13: 0.4375 | G13: QUILLON | H13: QUILLON | J13: DISTOCICO | K13: 40 | L13: 4 | M13: MASCULINO | N13: 3310 | O13: 51.5 | P13: 35.5 | Q13: 4 | R13: SI | S13: SI | T13: SI | U13: FERNANDA VILCHES | W13: 8 | X13: 9 | Y13: NO | Z13: NO | AA13: NO | AB13: NO | AC13: NO | AD13: NO | AE13: NO | AF13: NO | AG13: NO REACTIVO | AH13: NO | AI13: NEGATIVO | AJ13: NO | AK13: 26 | AL13: NO | AM13: NO | AN13: RNT 40 SEM AEG, FRACTURA CLAVICULA DERECHA | AO13: NO | AQ13: SI | AR13: SALA
A14: 11 | B14: 45903 | C14: 0.47777778 | G14: COIHUECO | H14: COIHUECO | J14: EUTOCICO | K14: 38 | L14: 2 | M14: MASCULINO | N14: 3330 | O14: 48.5 | P14: 34 | Q14: 4 | R14: SI | S14: SI | T14: SI | U14: FERNANDA VILCHES | W14: 9 | X14: 10 | Y14: NO | Z14: NO | AA14: NO | AB14: NO | AC14: NO | AD14: SI | AE14: NO | AF14: NO | AG14: NO REACTIVO | AH14: NO | AI14: NEGATIVO | AJ14: NO | AK14: 15 | AL14: NO | AM14: NO | AN14: RNT 38 SEM AEG | AO14: NO | AQ14: SI | AR14: SALA
A15: 12 | B15: 45904 | C15: 0.045138889 | G15: YUNGAY | H15: YUNGAY | J15: CESAREA URGENCIA | K15: 37 | L15: 0 | M15: MASCULINO | N15: 2350 | O15: 46 | P15: 34 | Q15: 4 | R15: SI | S15: SI | T15: SI | U15: ANA MENDEZ | W15: 8 | X15: 9 | Y15: NO | Z15: NO | AA15: NO | AB15: SI | AC15: NO | AD15: SI | AE15: NO | AF15: NO | AG15: NO REACTIVO | AH15: NO | AI15: NEGATIVO | AJ15: NO | AK15: 24 | AL15: NO | AM15: NO | AN15: RNT 37 SEM PEG | AO15: NO | AQ15: SI | AR15: RECUPERACION | AT15: SI
A16: 13 | B16: 45904 | C16: 0.31944444 | G16: CHILLAN | H16: LOS VOLCANES | J16: CESAREA URGENCIA | K16: 36 | L16: 1 | M16: MASCULINO | N16: 2250 | O16: 47.5 | P16: 34 | Q16: 4 | R16: SI | S16: SI | T16: SI | U16: ANA MENDEZ | W16: 8 | X16: 9 | Y16: NO | Z16: NO | AA16: NO | AB16: SI | AC16: NO | AD16: SI | AE16: NO | AF16: NO | AG16: NO REACTIVO | AH16: NO | AI16: NEGATIVO | AJ16: NO | AK16: 41 | AL16: NO | AM16: NO | AN16: RNPT36 SEM PEG | AO16: NO | AQ16: SI | AR16: RECUPERACION | AT16: SI
A17: 14 | B17: 45904 | C17: 0.37569444 | G17: CHILLAN | H17: LOS VOLCANES | J17: EUTOCICO | K17: 40 | L17: 4 | M17: FEMENINO | N17: 3095 | O17: 49 | P17: 34 | Q17: 4 | R17: SI | S17: SI | T17: SI | U17: CAMILA VERA | W17: 9 | X17: 10 | Y17: NO | Z17: NO | AA17: NO | AB17: NO | AC17: NO | AD17: SI | AE17: NO | AF17: NO | AG17: NO REACTIVO | AH17: NO | AI17: NEGATIVO | AJ17: NO | AK17: 24 | AL17: NO | AM17: NO | AN17: RNT 40 SEM AEG | AO17: NO | AQ17: SI | AR17: SALA
A18: 15 | B18: 45904 | C18: 0.45 | G18: CHILLAN | H18: LOS VOLCANES | J18: EUTOCICO | K18: 38 | L18: 3 | M18: FEMENINO | N18: 2865 | O18: 50.5 | P18: 33 | Q18: 4 | R18: SI | S18: SI | T18: SI | U18: CAMILA VERA | W18: 9 | X18: 10 | Y18: NO | Z18: NO | AA18: NO | AB18: NO | AC18: NO | AD18: SI | AE18: NO | AF18: NO | AG18: NO REACTIVO | AH18: NO | AI18: NEGATIVO | AJ18: NO | AK18: 29 | AL18: NO | AM18: NO | AN18: RNT 38 SEM AEG | AO18: NO | AQ18: SI | AR18: SALA | AT18: NO
A19: 16 | B19: 45904 | C19: 0.45069444 | G19: CHILLAN | H19: LOS VOLCANES | J19: CESAREA ELECTIVA | K19: 38 | L19: 2 | M19: FEMENINO | N19: 2740 | O19: 46 | P19: 33 | Q19: 4 | R19: SI | S19: SI | T19: SI | U19: KATHERINE RAMIREZ MEDINA | W19: 9 | X19: 10 | Y19: NO | Z19: NO | AA19: NO | AB19: NO | AC19: SI | AD19: SI | AE19: NO | AF19: NO | AG19: NO REACTIVO | AH19: NO | AI19: NEGATIVO | AJ19: NO | AK19: 29 | AL19: NO | AM19: NO | AN19: RNT 38 SEM PEG | AO19: NO | AQ19: SI | AR19: RECUPERACION | AT19: NO
A20: 17 | B20: 45904 | C20: 0.49166667 | G20: CHILLAN | H20: VIOLETA PARRA | J20: EUTOCICO | K20: 39 | L20: 0 | M20: MASCULINO | N20: 3260 | O20: 49 | P20: 34 | Q20: 4 | R20: SI | S20: SI | T20: SI | U20: CAMILA VERA | W20: 9 | X20: 10 | Y20: NO | Z20: NO | AA20: NO | AB20: NO | AC20: NO | AD20: SI | AE20: NO | AF20: NO | AG20: NO REACTIVO | AH20: NO | AI20: NEGATIVO | AJ20: NO | AK20: 38 | AL20: NO | AM20: NO | AN20: RNT 39 AEG | AO20: NO | AQ20: SI | AR20: SALA
A21: 18 | B21: 45904 | C21: 0.55069444 | G21: CHILLÁN VIEJO | H21: FEDERICO PUGA | J21: CESAREA URGENCIA | K21: 38 | L21: 3 | M21: FEMENINO | N21: 3757 | O21: 50 | P21: 36.5 | Q21: 4 | R21: SI | S21: SI | T21: SI | U21: DANIEL DIONICIO | W21: 8 | X21: 9 | Y21: NO | Z21: NO | AA21: NO | AB21: SI | AC21: NO | AD21: NO | AE21: NO | AF21: NO | AG21: NO REACTIVO | AH21: NO | AI21: NEGATIVO | AJ21: NO | AK21: 28 | AL21: NO | AM21: NO | AN21: RN T 38 SEM GEG | AO21: NO | AQ21: SI | AR21: RECUPERACION | AT21: SI
A22: 19 | B22: 45905 | C22: 0.45 | G22: CHILLAN VIEJO | H22: MICHELLE BACHELET | J22: EUTOCICO | K22: 39 | L22: 1 | M22: FEMENINO | N22: 2970 | O22: 48 | P22: 34 | Q22: 4 | R22: SI | S22: SI | T22: SI | U22: CONSTANZA CANDIA | W22: 9 | X22: 10 | Y22: NO | Z22: NO | AA22: NO | AB22: NO | AC22: NO | AD22: SI | AE22: NO | AF22: NO | AG22: NO REACTIVO | AH22: NO | AI22: NEGATIVO | AJ22: NO | AK22: 32 | AL22: NO | AM22: NO | AN22: RNT 39 SEM AEG HMD C/DIETA | AO22: NO | AQ22: SI | AR22: SALA
A23: 20 | B23: 45905 | C23: 0.45277778 | G23: CHILLAN VIEJO | H23: ISABEL RIQUELME | J23: CESAREA ELECTIVA | K23: 38 | L23: 0 | M23: MASCULINO | N23: 3390 | O23: 49 | P23: 34 | Q23: 4 | R23: SI | S23: SI | T23: SI | U23: KATHERINE RAMIREZ MEDINA | W23: 9 | X23: 10 | Y23: NO | Z23: NO | AA23: NO | AB23: SI | AC23: SI | AD23: NO | AE23: NO | AF23: NO | AG23: NO REACTIVO | AH23: NO | AI23: NEGATIVO | AJ23: NO | AK23: 30 | AL23: NO | AM23: NO | AN23: RNT 38 SEM AEG HMD CON DIETA | AO23: NO | AQ23: SI | AR23: RECUPERACION | AT23: SI
A24: 21 | B24: 45905 | C24: 0.53680556 | G24: CHILLAN | H24: ULTRAESTACION | J24: CESAREA URGENCIA | K24: 40 | L24: 1 | M24: FEMENINO | N24: 3130 | O24: 48 | P24: 34 | Q24: 4 | R24: SI | S24: SI | T24: SI | U24: KATHERINE RAMIREZ MEDINA | W24: 9 | X24: 9 | Y24: NO | Z24: NO | AA24: NO | AB24: SI | AC24: NO | AD24: SI | AE24: NO | AF24: NO | AG24: NO REACTIVO | AH24: NO | AI24: NEGATIVO | AJ24: NO | AK24: 21 | AL24: NO | AM24: NO | AN24: RNT 40 SEM AEG HMD | AO24: NO | AQ24: SI | AR24: RECUPERACION | AT24: SI
A25: 22 | B25: 45905 | C25: 0.60972222 | G25: EL CARMEN | H25: EL CARMEN | J25: EUTOCICO | K25: 37 | L25: 6 | M25: MASCULINO | N25: 3360 | O25: 48 | P25: 34.5 | Q25: 4 | R25: SI | S25: SI | T25: SI | U25: CONSTANZA CANDIA | W25: 8 | X25: 8 | Y25: SI | Z25: NO | AA25: NO | AB25: SI | AC25: NO | AD25: SI | AE25: NO | AF25: NO | AG25: NO REACTIVO | AH25: NO | AI25: NEGATIVO | AJ25: NO | AK25: 25 | AL25: NO | AM25: NO | AN25: RNT 38 SEM AEG | AO25: NO | AQ25: SI | AR25: SALA
A26: 23 | B26: 45905 | C26: 0.65625 | G26: PUEBLO SECO | H26: PUEBLO SECO | J26: EUTOCICO | K26: 39 | L26: 0 | M26: FEMENINO | N26: 3370 | O26: 50 | P26: 34 | Q26: 4 | R26: SI | S26: SI | T26: SI | U26: CONSTANZA CANDIA | W26: 9 | X26: 9 | Y26: SI | Z26: NO | AA26: NO | AB26: NO | AC26: NO | AD26: SI | AE26: NO | AF26: NO | AG26: NO REACTIVO | AH26: NO | AI26: NEGATIVO | AJ26: NO | AK26: 34 | AL26: NO | AM26: NO | AN26: RNT 39 SEM AEG | AO26: NO | AQ26: SI | AR26: SALA
A27: 24 | B27: 45905 | C27: 0.78263889 | G27: CHILLAN | H27: MICHELLE BACHELET | J27: CESAREA URGENCIA | K27: 39 | L27: 1 | M27: FEMENINO | N27: 3360 | O27: 48.5 | P27: 36 | Q27: 4 | R27: SI | S27: SI | T27: SI | U27: CONSTANZA CANDIA | W27: 9 | X27: 10 | Y27: NO | Z27: NO | AA27: NO | AB27: NO | AC27: NO | AD27: SI | AE27: NO | AF27: NO | AG27: NO REACTIVO | AH27: NO | AI27: NEGATIVO | AJ27: NO | AK27: 23 | AL27: NO | AM27: NO | AN27: RNT 39 SEM SEG | AO27: NO | AQ27: SI | AR27: RECUPERACION | AT27: SI
A28: 25 | B28: 45783 | C28: 0.075694444 | G28: BULNES | H28: BULNES | J28: EUTOCICO | K28: 38 | L28: 3 | M28: FEMENINO | N28: 2820 | O28: 47.5 | P28: 35 | Q28: 4 | R28: SI | S28: SI | T28: SI | U28: CAMILA VERA | W28: 9 | X28: 10 | Y28: NO | Z28: NO | AA28: NO | AB28: N | AC28: NO | AD28: SI | AE28: NO | AF28: NO | AG28: NO REACTIVO | AH28: NO | AI28: NEGATIVO | AJ28: NO | AK28: 24 | AL28: NO | AM28: NO | AN28: RNT 38 AEG | AO28: NO | AQ28: SI | AR28: SALA
A29: 26 | B29: 45906 | C29: 0.59305556 | G29: CHILLAN | H29: SOL DE ORIENTE | J29: EUTOCICO | K29: 39 | L29: 0 | M29: MASCULINO | N29: 2580 | O29: 48 | P29: 35 | Q29: 4 | R29: SI | S29: SI | T29: SI | U29: ANA MENDEZ | W29: 8 | X29: 9 | Y29: NO | Z29: NO | AA29: NO | AB29: NO | AC29: NO | AD29: SI | AE29: NO | AF29: NO | AG29: NO REACTIVO | AH29: NO | AI29: NEGATIVO | AJ29: NO | AK29: 27 | AL29: NO | AM29: NO | AN29: RNT39 SEM PEG | AO29: NO | AQ29: SI | AR29: SALA
A30: 27 | B30: 45907 | C30: 0.43819444 | G30: CHILLAN | H30: SOL DE ORIENTE | J30: CESAREA URGENCIA | K30: 40 | L30: 1 | M30: MASCULINO | N30: 4170 | O30: 50 | P30: 37 | Q30: 4 | R30: SI | S30: SI | T30: SI | U30: FERNANDA VILCHES | W30: 8 | X30: 9 | Y30: NO | Z30: NO | AA30: NO | AB30: NO | AC30: NO | AD30: SI | AE30: NO | AF30: NO | AG30: NO REACTIVO | AH30: NO | AI30: NEGATIVO | AJ30: NO | AK30: 24 | AL30: NO | AM30: NO | AN30: RNT 40 SEM GEG, HMD | AO30: NO | AQ30: SI | AR30: RECUPERACION | AT30: SI
A31: 28 | B31: 45907 | C31: 0.88541667 | G31: RANQUIL | H31: ÑIPAS | J31: VACUUM | K31: EGD | M31: FEMENINO | N31: 2780 | O31: 48 | P31: 33 | Q31: 4 | R31: SI | S31: SI | T31: SI | U31: ANA MENDEZ | W31: 8 | X31: 9 | Y31: NO | Z31: NO | AA31: SI | AB31: NO | AC31: NO | AD31: SI | AE31: NO | AF31: NO | AG31: PENDIENTE | AH31: NO | AI31: S/P | AJ31: NO | AK31: 32 | AL31: NO | AM31: NO | AN31: RNT37 SEM AEG | AO31: NO | AQ31: SI | AR31: SALA
A32: 29 | B32: 45908 | C32: 0.24236111 | G32: CHILLAN | H32: VIOLETA PARRA | J32: EUTOCICO | K32: 36 | L32: 2 | M32: MASCULINO | N32: 3235 | O32: 49 | P32: 35.5 | Q32: 4 | R32: SI | S32: SI | T32: SI | U32: ANA MENDEZ | W32: 9 | X32: 9 | Y32: NO | Z32: NO | AA32: NO | AB32: NO | AC32: NO | AD32: SI | AE32: NO | AF32: NO | AG32: NO REACTIVO | AH32: NO | AI32: NEGATIVO | AJ32: NO | AK32: 34 | AL32: NO | AM32: NO | AN32: RNPT 36 SEM GEG | AO32: NO | AQ32: SI | AR32: SALA
A33: 30 | B33: 45908 | C33: 0.33055556 | G33: CHILLAN | H33: ISABEL RIQUELME | J33: EUTOCICO | K33: 39 | L33: 6 | M33: FEMENINO | N33: 3280 | O33: 49 | P33: 34 | Q33: 4 | R33: SI | S33: SI | T33: SI | U33: DANIELA NAVARRETE | W33: 9 | X33: 10 | Y33: NO | Z33: NO | AA33: NO | AB33: NO | AC33: NO | AD33: NO | AE33: NO | AF33: NO | AG33: NO REACTIVO | AH33: NO | AI33: NEGATIVO | AJ33: NO | AK33: 27 | AL33: NO | AM33: NO | AN33: RNT 39 SEM AEG | AO33: NO | AQ33: SI | AR33: SALA
A34: 31 | B34: 45908 | C34: 0.43263889 | G34: QUIRIHUE | H34: QUIRIHUE | J34: CESAREA ELECTIVA | K34: 40 | L34: 1 | M34: FEMENINO | N34: 3960 | O34: 52 | P34: 36 | Q34: 4 | R34: SI | S34: SI | T34: SI | U34: KATHERINE RAMIREZ MEDINA | W34: 9 | X34: 9 | Y34: NO | Z34: NO | AA34: NO | AB34: SI | AC34: SI | AD34: SI | AE34: NO | AF34: NO | AG34: NO REACTIVO | AH34: NO | AI34: NEGATIVO | AJ34: NO | AK34: 30 | AL34: NO | AM34: NO | AN34: RNT 40 SEM AEG HMD CON DIETA | AO34: NO | AQ34: SI | AR34: RECUPERACION | AT34: SI | AU34: 3 CIRCULAR AL CUELLO REDUCTIBLE
A35: 32 | B35: 45908 | C35: 0.49930556 | G35: COELEMU | H35: COELEMU | J35: CESAREA ELECTIVA | K35: 39 | L35: 4 | M35: MASCULINO | N35: 4290 | O35: 52 | P35: 35.5 | Q35: 4 | R35: SI | S35: SI | T35: SI | U35: KATHERINE RAMIREZ MEDINA | W35: 9 | X35: 10 | Y35: NO | Z35: NO | AA35: NO | AB35: SI | AC35: NO | AD35: SI | AE35: NO | AF35: NO | AG35: NO REACTIVO | AH35: NO | AI35: NEGATIVO | AJ35: NO | AK35: 27 | AL35: NO | AM35: NO | AN35: RNT 39 SEM GEG | AO35: NO | AQ35: SI | AR35: RECUPERACION | AT35: SI | AU35: 1 CIRCULAR AL CUELLO REDUCTIBLE
A36: 33 | B36: 45908 | C36: 0.55625 | G36: PUEBLO SECO | H36: VIOLETA PARRA | J36: EUTOCICO | K36: 38 | L36: 5 | M36: MASCULINO | N36: 3660 | O36: 49 | P36: 35 | Q36: 4 | R36: SI | S36: SI | T36: SI | U36: IGNACIO MATAMALA FLORES | W36: 9 | X36: 10 | Y36: NO | Z36: NO | AA36: NO | AB36: NO | AC36: NO | AD36: SI | AE36: NO | AF36: NO | AG36: NO REACTIVO | AH36: NO | AI36: NEGATIVO | AJ36: NO | AK36: 21 | AL36: NO | AM36: NO | AN36: RNT 38 SEM AEG | AO36: NO | AQ36: SI | AR36: SALA
A37: 34 | B37: 45908 | C37: 0.56111111 | G37: CHILLAN | H37: MICHELLE BACHELET | J37: EUTOCICO | K37: 38 | L37: 1 | M37: FEMENINO | N37: 3100 | O37: 46 | P37: 32 | Q37: 4 | R37: SI | S37: SI | T37: SI | U37: KATHERINE RAMIREZ MEDINA | W37: 8 | X37: 9 | Y37: NO | Z37: NO | AA37: NO | AB37: NO | AC37: NO | AD37: SI | AE37: NO | AF37: NO | AG37: NO REACTIVO | AH37: NO | AI37: NEGATIVO | AJ37: NO | AK37: 25 | AL37: NO | AM37: NO | AN37: RNT 38 SEM AEG | AO37: NO | AQ37: SI | AR37: SALA
A38: 35 | B38: 45908 | C38: 0.56736111 | G38: CHILLAN | H38: LOS VOLCANES | J38: EUTOCICO | K38: 34 | L38: 5 | M38: FEMENINO | N38: 2900 | O38: 46 | P38: 33.5 | Q38: 4 | R38: SI | S38: SI | T38: SI | U38: KATHERINE RAMIREZ MEDINA | W38: 9 | X38: 9 | Y38: NO | Z38: NO | AA38: NO | AB38: NO | AC38: NO | AD38: SI | AE38: NO | AF38: NO | AG38: NO REACTIVO | AH38: NO | AI38: NEGATIVO | AJ38: NO | AK38: 23 | AL38: NO | AM38: NO | AN38: RNT 35 SEM AEG | AO38: NO | AQ38: SI | AR38: TIM NEO
A39: 36 | B39: 45908 | C39: 0.61458333 | G39: CHILLAN | H39: PARTICULAR | J39: CESAREA URGENCIA | K39: 24 | L39: 6 | M39: MASCULINO | N39: 880 | O39: 33 | P39: 23.5 | Q39: 1 | R39: NO | S39: SI | T39: SI | U39: KATHERINE RAMIREZ/CAMILA VERA | W39: 1 | X39: 5 | Y39: SI | Z39: SI | AA39: NO | AB39: NO | AC39: NO | AD39: NO | AE39: NO | AF39: NO | AG39: NO REACTIVO | AH39: NO | AI39: NEGATIVO | AJ39: NO | AK39: 34 | AL39: NO | AM39: NO | AN39: RNPT 25 AEG, SDR EN EVOLUCION | AO39: NO | AQ39: SI | AR39: UCI | AT39: NO
A40: 37 | B40: 45909 | C40: 0.072916667 | G40: CHILLAN | H40: VIOLETA PARRA | J40: EUTOCICO | K40: 39 | L40: 1 | M40: FEMENINO | N40: 3080 | O40: 49 | P40: 34 | Q40: 4 | R40: SI | S40: SI | T40: SI | U40: FERNANDA VILCHES | W40: 9 | X40: 10 | Y40: NO | Z40: NO | AA40: NO | AB40: NO | AC40: NO | AD40: SI | AE40: NO | AF40: NO | AG40: NO REACTIVO | AH40: NO | AI40: NEGATIVO | AJ40: NO | AK40: 38 | AL40: NO | AM40: NO | AN40: RNT 39 SEM AEG | AO40: NO | AQ40: SI | AR40: SALA
A41: 38 | B41: 45909 | C41: 0.3125 | G41: YUNGAY | H41: CAMPANARIO | J41: EUTOCICO | K41: 36 | L41: 6 | M41: MASCULINO | N41: 2650 | O41: 49 | P41: 34 | Q41: 4 | R41: SI | S41: SI | T41: SI | U41: FERNANDA VILCHES | W41: 9 | X41: 10 | Y41: NO | Z41: NO | AA41: NO | AB41: NO | AC41: NO | AD41: SI | AE41: NO | AF41: NO | AG41: NO REACTIVO | AH41: NO | AI41: NEGATIVO | AJ41: NO | AK41: 21 | AL41: NO | AM41: NO | AN41: RN PT 36 SEM AEG | AO41: NO | AQ41: SI | AR41: SALA
A42: 39 | B42: 45909 | C42: 0.40833333 | G42: CHILLAN VIEJO | H42: FEDERICO PUGA | J42: CESAREA ELECTIVA | K42: 38 | L42: 4 | M42: FEMENINO | N42: 3290 | O42: 49 | P42: 35 | Q42: 4 | R42: SI | S42: SI | T42: SI | U42: KATHERINE RAMIREZ MEDINA | W42: 8 | X42: 9 | Y42: NO | Z42: NO | AA42: NO | AB42: SI | AC42: SI | AD42: SI | AE42: NO | AF42: NO | AG42: NO REACTIVO | AH42: NO | AI42: NEGATIVO | AJ42: NO | AK42: 22 | AL42: NO | AM42: NO | AN42: RNT 38 SEM AEH HMD CON DIETA | AO42: NO | AQ42: SI | AR42: RECUPERACION | AT42: SI
A43: 40 | B43: 45909 | C43: 0.70902778 | G43: CHILLAN | H43: ULTRAESTACION | J43: EUTOCICO | K43: 40 | L43: 0 | M43: FEMENINO | N43: 3535 | O43: 50 | P43: 35 | Q43: 4 | R43: SI | S43: SI | T43: SI | U43: PATRICIA SANDOVAL | W43: 9 | X43: 10 | Y43: NO | Z43: NO | AA43: NO | AB43: NO | AC43: NO | AD43: SI | AE43: NO | AF43: NO | AG43: NO REACTIVO | AH43: NO | AI43: NEGATIVO | AJ43: NO | AK43: 26 | AL43: NO | AM43: NO | AN43: RNT 40 SEM AEG | AO43: NO | AQ43: SI | AR43: SALA
A44: 41 | B44: 45909 | C44: 0.81041667 | G44: CHILLAN | H44: PADRE HURTADO | J44: EUTOCICO | K44: 39 | L44: 0 | M44: MASCULINO | N44: 3720 | O44: 51 | P44: 35 | Q44: 4 | R44: SI | S44: SI | T44: SI | U44: PATRICIA SANDOVAL | W44: 9 | X44: 10 | Y44: NO | Z44: NO | AA44: NO | AB44: NO | AC44: NO | AD44: SI | AE44: NO | AF44: NO | AG44: NO REACTIVO | AH44: NO | AI44: NEGATIVO | AJ44: NO | AK44: 39 | AL44: NO | AM44: NO | AN44: RNT 39 SEM AEG | AO44: NO | AQ44: SI | AR44: SALA
A45: 42 | B45: 45910 | C45: 0.036805556 | G45: COIHUECO | H45: COIHUECO | J45: VACUUM | K45: 41 | L45: 2 | M45: MASCULINO | N45: 4190 | O45: 52 | P45: 36 | Q45: 4 | R45: SI | S45: SI | T45: SI | U45: CAMILA VERA | W45: 9 | X45: 10 | Y45: NO | Z45: NO | AA45: NO | AB45: NO | AC45: NO | AD45: SI | AE45: NO | AF45: NO | AG45: NO REACTIVO | AH45: NO | AI45: NEGATIVO | AJ45: NO | AK45: 34 | AL45: NO | AM45: NO | AN45: RNT 41 SEM GEG | AO45: NO | AQ45: SI | AR45: SALA
A46: 43 | B46: 45910 | C46: 0.13541667 | G46: EL CARMEN | H46: SOL DE ORIENTE | J46: CESAREA URGENCIA | K46: 38 | L46: 2 | M46: MASCULINO | N46: 4260 | O46: 49 | P46: 36.5 | Q46: 4 | R46: NO | S46: SI | T46: SI | U46: CAMILA VERA | W46: 8 | X46: 8 | Y46: SI | Z46: NO | AA46: NO | AB46: NO | AC46: NO | AD46: SI | AE46: NO | AF46: NO | AG46: NO REACTIVO | AH46: NO | AI46: NEGATIVO | AJ46: NO | AK46: 24 | AL46: NO | AM46: NO | AN46: RNT 38 GEG | AO46: NO | AQ46: SI | AR46: TIM NEO
A47: 44 | B47: 45910 | C47: 0.2125 | G47: CHILLAN | H47: SIN CONTROL | J47: EUTOCICO | K47: 36 | L47: 0 | M47: MASCULINO | N47: 3330 | O47: 48.5 | P47: 35.5 | Q47: 4 | R47: SI | S47: SI | T47: SI | U47: CAMILA VERA | W47: 9 | X47: 10 | Y47: NO | Z47: NO | AA47: NO | AB47: NO | AC47: NO | AD47: SI | AE47: NO | AF47: NO | AG47: NO REACTIVO | AH47: NO | AI47: NEGATIVO | AJ47: NO | AK47: 34 | AL47: NO | AM47: NO | AN47: RNT 38 AEG | AO47: NO | AQ47: SI | AR47: SALA
A48: 45 | B48: 45910 | C48: 0.31805556 | G48: BULNES | H48: BULNES | J48: EUTOCICO | K48: 39 | L48: 1 | M48: FEMENINO | N48: 3110 | O48: 48.5 | P48: 34 | Q48: 4 | R48: SI | S48: SI | T48: SI | U48: CAMILA VERA-ANA MENDEZ | W48: 9 | X48: 10 | Y48: NO | Z48: NO | AA48: NO | AB48: NO | AC48: NO | AD48: SI | AE48: NO | AF48: NO | AG48: NO REACTIVO | AH48: NO | AI48: NEGATIVO | AJ48: NO | AK48: 29 | AL48: NO | AM48: NO | AN48: RNT 39 SEM AEG | AO48: NO | AQ48: SI | AR48: SALA
A49: 46 | B49: 45910 | C49: 0.41319444 | G49: YUNGAY | H49: YUNGAY | J49: CESAREA ELECTIVA | K49: 40 | L49: 3 | M49: FEMENINO | N49: 4070 | O49: 52 | P49: 37 | Q49: 4 | R49: SI | S49: SI | T49: SI | U49: KATHERINE RAMIREZ MEDINA | W49: 9 | X49: 10 | Y49: NO | Z49: NO | AA49: NO | AB49: SI | AC49: SI | AD49: SI | AE49: NO | AF49: NO | AG49: NO REACTIVO | AH49: NO | AI49: NEGATIVO | AJ49: NO | AK49: 29 | AL49: NO | AM49: NO | AN49: RNT 40 SEM AEG HMD CON DIETA | AO49: NO | AQ49: SI | AR49: RECUPERACION | AT49: SI | AU49: 1 CIRCULAR AL CUELLO REDUCTIBLE
A50: 47 | B50: 45910 | C50: 0.49027778 | G50: CHILLAN | H50: POSTA CATO | J50: CESAREA ELECTIVA | K50: 37 | L50: 6 | M50: MASCULINO | N50: 2940 | O50: 48 | P50: 33 | Q50: 4 | R50: SI | S50: SI | T50: SI | U50: KATHERINE RAMIREZ MEDINA | W50: 9 | X50: 10 | Y50: NO | Z50: NO | AA50: NO | AB50: SI | AC50: NO | AD50: SI | AE50: NO | AF50: NO | AG50: NO REACTIVO | AH50: NO | AI50: NEGATIVO | AJ50: NO | AK50: 32 | AL50: NO | AM50: NO | AN50: RNT 37 SEM AEG | AO50: NO | AQ50: SI | AR50: RECUPERACION | AT50: SI
A51: 48 | B51: 45910 | C51: 0.75138889 | G51: CHILLAN | H51: VIOLETA PARRA | J51: CESAREA URGENCIA | K51: 36 | L51: 4 | M51: FEMENINO | N51: 2180 | O51: 45.5 | P51: 32 | Q51: 4 | R51: SI | S51: SI | T51: SI | U51: AIDA RODRIGUEZ | W51: 9 | X51: 9 | Y51: NO | Z51: NO | AA51: SI | AB51: NO | AC51: NO | AD51: SI | AE51: NO | AF51: NO | AG51: NO REACTIVO | AH51: NO | AI51: NEGATIVO | AJ51: NO | AK51: 33 | AL51: NO | AM51: NO | AN51: PT 36 SEM PEG SEVERO PODALICA | AO51: NO | AQ51: SI | AR51: RECUPERACION | AT51: SI
A52: 49 | B52: 45910 | C52: 0.75277778 | G52: CHILLAN | H52: VIOLETA PARRA | J52: CESAREA URGENCIA | K52: 36 | L52: 4 | M52: MASCULINO | N52: 1878 | O52: 44 | P52: 30.5 | Q52: 1 | R52: SI | S52: SI | T52: SI | U52: AARON CISTERNA | W52: 9 | X52: 9 | Y52: NO | Z52: NO | AA52: NO | AB52: NO | AC52: NO | AD52: SI | AE52: NO | AF52: NO | AG52: NO REACTIVO | AH52: NO | AI52: NEGATIVO | AJ52: NO | AK52: 33 | AL52: NO | AM52: NO | AN52: PT 36 SEM PEG SEVERO BAJO PESO | AO52: NO | AQ52: NO | AR52: TIM NEO | AT52: SI
A53: 50 | B53: 45911 | C53: 0.42152778 | G53: BULNES | H53: BULNES | J53: CESAREA ELECTIVA | K53: 38 | L53: 2 | M53: MASCULINO | N53: 3567 | O53: 48 | P53: 35.5 | Q53: 4 | R53: SI | S53: SI | T53: SI | U53: KATHERINE RAMIREZ MEDINA | W53: 9 | X53: 9 | Y53: NO | Z53: NO | AA53: NO | AB53: SI | AC53: NO | AD53: SI | AE53: NO | AF53: NO | AG53: NO REACTIVO | AH53: NO | AI53: NEGATIVO | AJ53: NO | AK53: 27 | AL53: NO | AM53: NO | AN53: RNT 38 SEM AEG | AO53: NO | AQ53: SI | AR53: RECUPERACION | AT53: SI
A54: 51 | B54: 45911 | C54: 0.44027778 | G54: EL CARMEN | H54: EL CARMEN | J54: CESAREA URGENCIA | K54: 38 | L54: 0 | M54: FEMENINO | N54: 3880 | O54: 51 | P54: 36 | Q54: 4 | R54: SI | S54: SI | T54: SI | U54: FERNANDA VILCHES | W54: 9 | X54: 10 | Y54: NO | Z54: NO | AA54: NO | AB54: SI | AC54: NO | AD54: NO | AE54: NO | AF54: NO | AG54: NO REACTIVO | AH54: NO | AI54: NEGATIVO | AJ54: NO | AK54: 31 | AL54: NO | AM54: NO | AN54: RNT 38 SEM HMDIR | AO54: NO | AQ54: SI | AR54: RECUPERACION | AT54: SI
A55: 52 | B55: 45911 | C55: 0.59930556 | G55: CHILLAN | H55: VIOLETA PARRA | J55: EUTOCICO | K55: 38 | L55: 1 | M55: FEMENINO | N55: 2900 | O55: 48 | P55: 33 | Q55: 4 | R55: SI | S55: SI | T55: SI | U55: KATHERINE RAMIREZ MEDINA | W55: 9 | X55: 10 | Y55: NO | Z55: NO | AA55: NO | AB55: NO | AC55: NO | AD55: NO | AE55: NO | AF55: NO | AG55: REACTIVO DEBIL | AH55: SI | AI55: NEGATIVO | AJ55: NO | AK55: 35 | AL55: NO | AM55: NO | AN55: RNT 38 SEM, HMD IR | AO55: NO | AQ55: SI | AR55: SALA
A56: 53 | B56: 45911 | C56: 0.61527778 | G56: CHILLAN | H56: VIOLETA PARRA | J56: EUTOCICO | K56: 39 | L56: 3 | M56: MASCULINO | N56: 3890 | O56: 54 | P56: 36.5 | Q56: 4 | R56: SI | S56: SI | T56: SI | U56: FERNANDA VILCHES | W56: 9 | X56: 10 | Y56: NO | Z56: NO | AA56: NO | AB56: NO | AC56: NO | AD56: SI | AE56: NO | AF56: NO | AG56: NO REACTIVO | AH56: NO | AI56: NEGATIVO | AJ56: NO | AK56: 24 | AL56: NO | AM56: NO | AN56: RNT 39 SEM AEG | AO56: NO | AQ56: SI | AR56: SALA
A57: 54 | B57: 45911 | C57: 0.65347222 | G57: SAN IGNACIO | H57: PUEBLO SECO | J57: CESAREA URGENCIA | K57: 37 | L57: 2 | M57: MASCULINO | N57: 3030 | O57: 47.5 | P57: 33 | Q57: 4 | R57: SI | S57: SI | T57: SI | U57: KATHERINE RAMIREZ MEDINA | W57: 9 | X57: 10 | Y57: NO | Z57: NO | AA57: NO | AB57: NO | AC57: NO | AD57: SI | AE57: NO | AF57: NO | AG57: NO REACTIVO | AH57: NO | AI57: NEGATIVO | AJ57: NO | AK57: 36 | AL57: NO | AM57: NO | AN57: RNT 37 SEN AEG | AO57: NO | AQ57: SI | AR57: RECUPERACION | AT57: SI
A58: 55 | B58: 45911 | C58: 0.96805556 | G58: YUNGAY | H58: YUNGAY | J58: EUTOCICO | K58: 38 | L58: 0 | M58: FEMENINO | N58: 2810 | O58: 48 | P58: 33 | Q58: 4 | R58: SI | S58: SI | T58: SI | U58: ANA MENDEZ | W58: 9 | X58: 10 | Y58: NO | Z58: NO | AA58: NO | AB58: NO | AC58: NO | AD58: NO | AE58: NO | AF58: NO | AG58: NO REACTIVO | AH58: NO | AI58: NEGATIVO | AJ58: NO | AK58: 31 | AL58: NO | AM58: NO | AN58: RNT 38 SEM AEG | AO58: NO | AQ58: SI | AR58: SALA
A59: 56 | B59: 45912 | C59: 0.025 | G59: CHILLAN VIEJO | H59: FEDERICO PUGA | J59: CESAREA URGENCIA | K59: 40 | L59: 1 | M59: FEMENINO | N59: 3910 | O59: 52 | P59: 35 | Q59: 4 | R59: SI | S59: SI | T59: SI | U59: ANA MENDEZ | W59: 9 | X59: 10 | Y59: NO | Z59: NO | AA59: NO | AB59: SI | AC59: NO | AD59: SI | AE59: NO | AF59: NO | AG59: NO REACTIVO | AH59: NO | AI59: NEGATIVO | AJ59: NO | AK59: 36 | AL59: NO | AM59: NO | AN59: RNT 40 SEM AEG | AO59: NO | AQ59: SI | AR59: RECUPERACION | AT59: SI
A60: 57 | B60: 45912 | C60: 0.18680556 | G60: CHILLAN | H60: VIOLETA PARRA | J60: EUTOCICO | K60: 36 | L60: 2 | M60: FEMENINO | N60: 3030 | O60: 49 | P60: 34 | Q60: 4 | R60: SI | S60: SI | T60: SI | U60: ANA MENDEZ | W60: 8 | X60: 9 | Y60: NO | Z60: NO | AA60: NO | AB60: NO | AC60: NO | AD60: SI | AE60: NO | AF60: NO | AG60: NO REACTIVO | AH60: NO | AI60: NEGATIVO | AJ60: NO | AK60: 35 | AL60: NO | AM60: NO | AN60: RNPT 36 SEM AEG | AO60: NO | AQ60: SI | AR60: SALA
A61: 58 | B61: 45912 | C61: 0.41527778 | G61: CHILLAN | H61: ISABEL RIQUELME | J61: CESAREA ELECTIVA | K61: 38 | L61: 1 | M61: FEMENINO | N61: 3560 | O61: 49 | P61: 34 | Q61: 4 | R61: SI | S61: SI | T61: SI | U61: KATHERINE RAMIREZ MEDINA | W61: 9 | X61: 10 | Y61: NO | Z61: NO | AA61: NO | AB61: SI | AC61: SI | AD61: SI | AE61: NO | AF61: NO | AG61: NO REACTIVO | AH61: NO | AI61: NEGATIVO | AJ61: NO | AK61: 27 | AL61: SI | AM61: NO | AN61: RNT 38 SEM AEG | AO61: NO | AQ61: SI | AR61: RECUPERACION | AT61: SI
A62: 59 | B62: 45912 | C62: 0.48125 | G62: CHILLAN | H62: DOÑA ISABEL | J62: EUTOCICO | K62: 38 | L62: 3 | M62: MASCULINO | N62: 2960 | O62: 49 | P62: 34.5 | Q62: 4 | R62: SI | S62: SI | T62: SI | U62: CAMILA VERA | W62: 9 | X62: 10 | Y62: NO | Z62: NO | AA62: NO | AB62: NO | AC62: NO | AD62: SI | AE62: NO | AF62: NO | AG62: NO REACTIVO | AH62: NO | AI62: NEGATIVO | AJ62: NO | AK62: 33 | AL62: NO | AM62: NO | AN62: RNT 38 AEG | AO62: NO | AQ62: SI | AR62: SALA
A63: 60 | B63: 45912 | C63: 0.57430556 | G63: CHILLAN | H63: ULTRAESTACION | J63: EUTOCICO | K63: 37 | L63: 4 | M63: MASCULINO | N63: 3270 | O63: 47.5 | P63: 34 | Q63: 2 | R63: NO | S63: SI | T63: SI | U63: CAMILA VERA | W63: 9 | X63: 9 | Y63: NO | Z63: NO | AA63: NO | AB63: NO | AC63: NO | AD63: SI | AE63: NO | AF63: NO | AG63: NO REACTIVO | AH63: NO | AI63: NEGATIVO | AJ63: NO | AK63: 25 | AL63: NO | AM63: NO | AN63: RNT 37 AEG | AO63: NO | AQ63: PARCIAL | AR63: SALA
A64: 61 | B64: 45912 | C64: 0.66111111 | G64: QUILLON | H64: QUILLON | J64: EUTOCICO | K64: 39 | L64: 6 | M64: FEMENINO | N64: 3660 | O64: 50 | P64: 35 | Q64: 4 | R64: SI | S64: SI | T64: SI | U64: CAMILA VERA | W64: 8 | X64: 9 | Y64: NO | Z64: NO | AA64: NO | AB64: NO | AC64: NO | AD64: SI | AE64: NO | AF64: NO | AG64: NO REACTIVO | AH64: NO | AI64: NEGATIVO | AJ64: NO | AK64: 26 | AL64: SI | AM64: NO | AN64: RNT 39 SEM AEG | AO64: NO | AQ64: SI | AR64: SALA
A65: 62 | B65: 45913 | C65: 0.10694444 | G65: COELEMU | H65: COELEMU | J65: CESAREA URGENCIA | K65: 38 | L65: 2 | M65: MASCULINO | N65: 4020 | O65: 50 | P65: 37 | Q65: 4 | R65: SI | S65: SI | T65: SI | U65: FERNANDA VILCHES | W65: 9 | X65: 10 | Y65: NO | Z65: NO | AA65: NO | AB65: SI | AC65: NO | AD65: SI | AE65: NO | AF65: NO | AG65: NO REACTIVO | AH65: NO | AI65: NEGATIVO | AJ65: NO | AK65: 32 | AL65: NO | AM65: NO | AN65: RNT 38 GEM AEG | AO65: NO | AQ65: SI | AR65: RECUPERACION | AT65: SI
A66: 63 | B66: 45913 | C66: 0.36388889 | G66: PORTEZUELO | H66: PORTEZUELO | J66: EUTOCICO | K66: 38 | L66: 1 | M66: MASCULINO | N66: 2385 | O66: 47 | P66: 32 | Q66: 4 | R66: SI | S66: SI | T66: SI | U66: PATRICIA SANDOVAL | W66: 9 | X66: 10 | Y66: NO | Z66: NO | AA66: NO | AB66: NO | AC66: NO | AD66: SI | AE66: NO | AF66: NO | AG66: NO REACTIVO | AH66: NO | AI66: NEGATIVO | AJ66: NO | AK66: 28 | AL66: NO | AM66: NO | AN66: RNT 38 SEM AEG | AO66: NO | AQ66: SI | AR66: SALA
A67: 64 | B67: 45913 | C67: 0.41319444 | G67: CHILLAN | H67: LOS VOLCANES | J67: EUTOCICO | K67: 39 | L67: 3 | M67: MASCULINO | N67: 3710 | O67: 50 | P67: 36 | Q67: 4 | R67: SI | S67: SI | T67: SI | U67: PATRICIA SANDOVAL | W67: 9 | X67: 10 | Y67: NO | Z67: NO | AA67: NO | AB67: NO | AC67: NO | AD67: SI | AE67: NO | AF67: NO | AG67: NO REACTIVO | AH67: NO | AI67: NEGATIVO | AJ67: NO | AK67: 21 | AL67: NO | AM67: NO | AN67: RNT 39 SEM AEG | AO67: NO | AQ67: SI | AR67: SALA
A68: 65 | B68: 45913 | C68: 0.6625 | G68: EL CARMEN | H68: EL CARMEN | J68: EUTOCICO | K68: 33 | L68: 4 | M68: FEMENINO | N68: 2370 | O68: 47 | P68: 32.5 | Q68: 4 | R68: SI | S68: SI | T68: SI | U68: PATRICIA SANDOVAL | W68: 9 | X68: 10 | Y68: NO | Z68: NO | AA68: NO | AB68: NO | AC68: NO | AD68: SI | AE68: NO | AF68: NO | AG68: NO REACTIVO | AH68: NO | AI68: NEGATIVO | AJ68: NO | AK68: 30 | AL68: NO | AM68: NO | AN68: RNPRET 34 SEM AEG SDR | AO68: NO | AQ68: NO | AR68: UCI
A69: 66 | B69: 45913 | C69: 0.81388889 | G69: CHILLAN | H69: VIOLETA PARRA | J69: CESAREA URGENCIA | K69: 37 | L69: 0 | M69: FEMENINO | N69: 2860 | O69: 49 | P69: 34 | Q69: 4 | R69: SI | S69: SI | T69: SI | U69: PATRICIA SANDOVAL | W69: 9 | X69: 10 | Y69: NO | Z69: NO | AA69: NO | AB69: NO | AC69: NO | AD69: SI | AE69: NO | AF69: NO | AG69: NO REACTIVO | AH69: NO | AI69: NEGATIVO | AJ69: NO | AK69: 25 | AL69: NO | AM69: NO | AN69: RNT 37 SEM AEG | AO69: NO | AQ69: SI | AR69: SALA
A70: 67 | B70: 45914 | C70: 0.24444444 | G70: EL CARMEN | H70: EL CARMEN | J70: CESAREA URGENCIA | K70: 35 | L70: 2 | M70: FEMENINO | N70: 2560 | O70: 47 | P70: 32 | Q70: 2 | R70: SI | S70: SI | T70: SI | U70: CAMILA VERA | W70: 8 | X70: 8 | Y70: SI | Z70: NO | AA70: NO | AB70: NO | AC70: NO | AD70: SI | AE70: NO | AF70: NO | AG70: NO REACTIVO | AH70: NO | AI70: NEGATIVO | AJ70: NO | AK70: 41 | AL70: NO | AM70: NO | AN70: RNPT 35 AEG | AO70: NO | AQ70: SI | AR70: RECUPERACION
A71: 68 | B71: 45914 | C71: 0.37430556 | G71: CHILLAN | H71: VIOLETA PARRA | J71: EUTOCICO | K71: 39 | L71: 5 | M71: FEMENINO | N71: 3990 | O71: 52 | P71: 35 | Q71: 4 | R71: SI | S71: SI | T71: SI | U71: ANA MENDEZ | W71: 8 | X71: 9 | Y71: NO | Z71: NO | AA71: NO | AB71: NO | AC71: NO | AD71: SI | AE71: NO | AF71: NO | AG71: NO REACTIVO | AH71: NO | AI71: NEGATIVO | AJ71: NO | AK71: 41 | AL71: NO | AM71: NO | AN71: RNT39 SEM GEG | AO71: NO | AQ71: SI | AR71: SALA
A72: 69 | B72: 45914 | C72: 0.55486111 | G72: CHILLAN | H72: SOL DE ORIENTE | J72: EUTOCICO | K72: 40 | L72: 3 | M72: MASCULINO | N72: 4080 | O72: 51 | P72: 36 | Q72: 4 | R72: SI | S72: SI | T72: SI | U72: ANA MENDEZ | W72: 9 | X72: 9 | Y72: NO | Z72: NO | AA72: NO | AB72: NO | AC72: NO | AD72: SI | AE72: NO | AF72: NO | AG72: NO REACTIVO | AH72: NO | AI72: NEGATIVO | AJ72: NO | AK72: 37 | AL72: NO | AM72: NO | AN72: RNT40 SEM GEG | AO72: NO | AQ72: SI | AR72: SALA
A73: 70 | B73: 45914 | C73: 0.70763889 | G73: CHILLAN | H73: VIOLETA PARRA | J73: EUTOCICO | K73: 40 | L73: 1 | M73: FEMENINO | N73: 3750 | O73: 48 | P73: 34 | Q73: 4 | R73: SI | S73: SI | T73: SI | U73: ANA MENDEZ | W73: 9 | X73: 9 | Y73: NO | Z73: NO | AA73: NO | AB73: NO | AC73: NO | AD73: SI | AE73: NO | AF73: NO | AG73: NO REACTIVO | AH73: NO | AI73: NEGATIVO | AJ73: NO | AK73: 29 | AL73: NO | AM73: NO | AN73: RNT 40 SEM AEG | AO73: NO | AQ73: SI | AR73: SALA
A74: 71 | B74: =+H76+B74:U75+B74:U75 -> 0 | C74: 0.41944444 | G74: PORTEZUELO | H74: PORTEZUELO | J74: CESAREA ELECTIVA | K74: 37 | L74: 2 | M74: FEMENINO | N74: 3590 | O74: 49.5 | P74: 35 | Q74: 4 | R74: SI | S74: SI | T74: SI | U74: KATHERINE RAMIREZ MEDINA | W74: 9 | X74: 10 | Y74: NO | Z74: NO | AA74: NO | AB74: SI | AC74: SI | AD74: SI | AE74: NO | AF74: NO | AG74: NO REACTIVO | AH74: NO | AI74: NEGATIVO | AJ74: NO | AK74: 32 | AL74: NO | AM74: NO | AN74: RNT 37 SEM AEG HMD IR | AO74: NO | AQ74: SI | AR74: RECUPERACION | AT74: SI
A75: 72 | B75: 45915 | C75: 0.50069444 | G75: CHILLAN VIEJO | H75: FEDERICO PUGA | J75: CESAREA ELECTIVA | K75: 38 | L75: 0 | M75: MASCULINO | N75: 3220 | O75: 48 | P75: 34 | Q75: 4 | R75: SI | S75: SI | T75: SI | U75: KATHERINE RAMIREZ MEDINA | W75: 9 | X75: 9 | Y75: NO | Z75: NO | AA75: NO | AB75: NO | AC75: SI | AD75: SI | AE75: NO | AF75: NO | AG75: NO REACTIVO | AH75: NO | AI75: NEGATIVO | AJ75: NO | AK75: 35 | AL75: NO | AM75: NO | AN75: RNT 38 SEM AEG HMDIR | AO75: NO | AQ75: SI | AR75: RECUPERACION | AT75: SI
A76: 73 | B76: 45915 | C76: 0.96041667 | G76: ÑIPAS | H76: ÑIPAS | J76: CESAREA URGENCIA | K76: 34 | L76: 4 | M76: FEMENINO | N76: 2360 | O76: 47 | P76: 32 | Q76: 4 | R76: SI | S76: SI | T76: SI | U76: AIDA RODRIGUEZ -ANA MENDEZ | W76: 9 | X76: 10 | Y76: NO | Z76: NO | AA76: NO | AB76: NO | AC76: NO | AD76: SI | AE76: NO | AF76: NO | AG76: NO REACTIVO | AH76: NO | AI76: NEGATIVO | AJ76: NO | AK76: 34 | AL76: NO | AM76: NO | AN76: RNPT34 SEM AEG | AO76: NO | AQ76: SI | AR76: RECUPERACION | AT76: SI
A77: 74 | B77: 45916 | C77: 0.28819444 | G77: SAN IGNACIO | H77: SAN IGNACIO | J77: EUTOCICO | K77: 37 | L77: 5 | M77: FEMENINO | N77: 2830 | O77: 46 | P77: 34 | Q77: 4 | R77: SI | S77: SI | T77: SI | U77: ANA MENDEZ | W77: LLORA AL NACERA | Y77: NO | Z77: NO | AA77: NO | AB77: NO | AC77: NO | AD77: NO | AE77: NO | AF77: NO | AG77: NO REACTIVO | AH77: NO | AI77: NEGATIVO | AJ77: NO | AK77: 28 | AL77: NO | AM77: NO | AN77: RNT 37 AEG | AO77: NO | AQ77: SI | AR77: SALA
A78: 75 | B78: 45916 | C78: 0.41388889 | G78: QUIRIHUE | H78: QUIRIHUE | J78: CESAREA ELECTIVA | K78: 40 | L78: 1 | M78: FEMENINO | N78: 3110 | O78: 48 | P78: 35 | Q78: 4 | R78: SI | S78: SI | T78: SI | U78: KATHERINE RAMIREZ MEDINA | W78: 9 | X78: 10 | Y78: NO | Z78: NO | AA78: NO | AB78: NO | AC78: SI | AD78: SI | AE78: NO | AF78: NO | AG78: NO REACTIVO | AH78: NO | AI78: NEGATIVO | AJ78: NO | AK78: 36 | AL78: NO | AM78: NO | AN78: RNT 40 SEM AEG | AO78: NO | AQ78: SI | AR78: RECUPERACION | AT78: NO
A79: 76 | B79: 45916 | C79: 0.47986111 | G79: COIHUECO | H79: LUIS MONTECINOS | J79: CESAREA ELECTIVA | K79: 38 | L79: 0 | M79: MASCULINO | N79: 3220 | O79: 50 | P79: 34 | Q79: 4 | R79: SI | S79: SI | T79: SI | U79: KATHERINE RAMIREZ MEDINA | W79: 9 | X79: 9 | Y79: NO | Z79: NO | AA79: NO | AB79: SI | AC79: SI | AD79: NO | AE79: NO | AF79: NO | AG79: NO REACTIVO | AH79: NO | AI79: NEGATIVO | AJ79: NO | AK79: 36 | AL79: NO | AM79: NO | AN79: RNT 38 SEM AEG | AO79: NO | AQ79: SI | AR79: RECUPERACION | AT79: SI
A80: 77 | B80: 45916 | C80: 0.52222222 | G80: PINTO | H80: PINTO | J80: EUTOCICO | K80: 39 | L80: 2 | M80: MASCULINO | N80: 3370 | O80: 50 | P80: 34 | Q80: 4 | R80: SI | S80: SI | T80: SI | U80: CAMILA VERA | W80: 9 | X80: 10 | Y80: NO | Z80: NO | AA80: NO | AB80: NO | AC80: NO | AD80: SI | AE80: NO | AF80: NO | AG80: NO REACTIVO | AH80: NO | AI80: NEGATIVO | AJ80: NO | AK80: 34 | AL80: NO | AM80: NO | AN80: RNT 39 AEG | AO80: NO | AQ80: SI | AR80: SALA
A81: 78 | B81: 45916 | C81: 0.675 | G81: PINTO | H81: PINTO | J81: EUTOCICO | K81: 38 | L81: 0 | M81: MASCULINO | N81: 3280 | O81: 49.5 | P81: 35 | Q81: 4 | R81: SI | S81: SI | T81: SI | U81: CAMILA VERA | W81: 9 | X81: 10 | Y81: NO | Z81: NO | AA81: NO | AB81: NO | AC81: NO | AD81: SI | AE81: NO | AF81: NO | AG81: NO REACTIVO | AH81: NO | AI81: NEGATIVO | AJ81: NO | AK81: 24 | AL81: NO | AM81: NO | AN81: RNT 38 AEG | AO81: NO | AQ81: SI | AR81: SALA
A82: 79 | B82: 45916 | C82: 0.7875 | G82: PINTO | H82: PINTO | J82: EUTOCICO | K82: 37 | L82: 6 | M82: MASCULINO | N82: 3450 | O82: 49.5 | P82: 35.5 | Q82: 4 | R82: SI | S82: SI | T82: SI | U82: CAMILA VERA | W82: 9 | X82: 10 | Y82: NO | Z82: NO | AA82: NO | AB82: NO | AC82: NO | AD82: SI | AE82: NO | AF82: NO | AG82: NO REACTIVO | AH82: NO | AI82: NEGATIVO | AJ82: NO | AK82: 32 | AL82: NO | AM82: NO | AN82: RNT 38 AEG | AO82: NO | AQ82: SI | AR82: SALA
A83: 80 | B83: 45917 | C83: 0.78680556 | G83: CHILLAN | H83: ISABEL RIQUELME | J83: CESAREA URGENCIA | K83: 37 | L83: 5 | M83: FEMENINO | N83: 3320 | O83: 50 | P83: 34 | Q83: 4 | R83: NO | S83: SI | T83: SI | U83: PATRICIA SANDOVAL | W83: 9 | X83: 10 | Y83: NO | Z83: NO | AA83: NO | AB83: SI | AC83: NO | AD83: SI | AE83: NO | AF83: NO | AG83: NO REACTIVO | AH83: NO | AI83: NEGATIVO | AJ83: NO | AK83: 28 | AL83: NO | AM83: NO | AN83: RNT 38 SEM AEG | AO83: NO | AQ83: SI | AR83: RECUPERACION | AT83: SI | LL83: 0
A84: 81 | B84: 45917 | C84: 0.83819444 | G84: CHILLAN | H84: SAN RAMON NONATO | J84: EUTOCICO | K84: 39 | L84: 5 | M84: MASCULINO | N84: 3410 | O84: 48 | P84: 35.5 | Q84: 4 | R84: SI | S84: SI | T84: SI | U84: DANIELA NAVARRETE | W84: 9 | X84: 10 | Y84: NO | Z84: NO | AA84: NO | AB84: NO | AC84: NO | AD84: SI | AE84: NO | AF84: NO | AG84: NO REACTIVO | AH84: NO | AI84: NEGATIVO | AJ84: NO | AK84: 28 | AL84: NO | AM84: NO | AN84: RNT 39 SEM AEG | AO84: NO | AQ84: SI | AR84: SALA
A85: 82 | B85: 45918 | C85: 0.71597222 | G85: CHILLAN | H85: ULTRAESTACION | J85: CESAREA URGENCIA | K85: 38 | L85: 3 | M85: FEMENINO | N85: 3610 | O85: 50 | P85: 36.5 | Q85: 4 | R85: SI | S85: SI | T85: SI | U85: CONSTANZA CANDIA | W85: 8 | X85: 9 | Y85: SI | Z85: NO | AA85: NO | AB85: SI | AC85: NO | AD85: SI | AE85: NO | AF85: NO | AG85: NO REACTIVO | AH85: NO | AI85: NEGATIVO | AJ85: NO | AK85: 19 | AL85: NO | AM85: NO | AN85: RNT 38 SEM AEG HMD IR | AO85: NO | AQ85: SI | AR85: RECUPERACION | AT85: SI
A86: 83 | B86: 45918 | C86: 0.75208333 | G86: CHILLAN | H86: VIOLETA PARRA | J86: EUTOCICO | K86: 40 | L86: 2 | M86: MASCULINO | N86: 3980 | O86: 53 | P86: 37 | Q86: 4 | R86: SI | S86: SI | T86: SI | U86: CONSTANZA CANDIA | W86: 9 | X86: 9 | Y86: NO | Z86: NO | AA86: NO | AB86: NO | AC86: NO | AD86: SI | AE86: NO | AF86: NO | AG86: NO REACTIVO | AH86: NO | AI86: NEGATIVO | AJ86: NO | AK86: 21 | AL86: SI | AM86: NO | AN86: RNT 40 SEM AEG | AO86: NO | AQ86: SI | AR86: SALA
A87: 84 | B87: 45918 | C87: 0.87916667 | G87: CHILLAN | H87: PARTICULAR | J87: CESAREA URGENCIA | K87: 32 | L87: 2 | M87: MASCULINO | N87: 1990 | O87: 44 | P87: 32 | Q87: 4 | R87: NO | S87: SI | T87: SI | U87: PATRICIA SANDOVAL | W87: 4 | X87: 8 | Y87: SI | Z87: SI | AA87: NO | AB87: NO | AC87: NO | AD87: NO | AE87: NO | AF87: NO | AG87: NO REACTIVO | AH87: NO | AI87: NEGATIVO | AJ87: NO | AK87: 33 | AL87: NO | AM87: NO | AN87: RNPRET 32 SEM AEG SDR | AO87: NO | AQ87: NO | AR87: UCI NEO
A88: 85 | B88: 45918 | C88: 0.94861111 | G88: COIHUECO | H88: COIHUECO | J88: CESAREA URGENCIA | K88: 39 | L88: 4 | M88: MASCULINO | N88: 3050 | O88: 50 | P88: 35 | Q88: 4 | R88: SI | S88: SI | T88: SI | U88: PATRICIA SANDOVAL | W88: 9 | X88: 10 | Y88: NO | Z88: NO | AA88: NO | AB88: NO | AC88: NO | AD88: SI | AE88: NO | AF88: NO | AG88: NO REACTIVO | AH88: NO | AI88: NEGATIVO | AJ88: NO | AK88: 38 | AL88: NO | AM88: NO | AN88: RNT 39 SEM AEG | AO88: NO | AQ88: SI | AR88: RECUPERACION | AT88: SI
A89: 86 | B89: 45919 | C89: 0.18472222 | G89: CHILLAN | H89: SOL DE ORIENTE | J89: EUTOCICO | K89: 39 | M89: MASCULINO | N89: 3660 | O89: 50 | P89: 36 | Q89: 4 | R89: SI | S89: SI | T89: SI | U89: PATRICIA SANDOVAL | W89: 9 | X89: 10 | Y89: NO | Z89: NO | AA89: NO | AB89: NO | AC89: NO | AD89: SI | AE89: NO | AF89: NO | AG89: NO REACTIVO | AH89: NO | AI89: NEGATIVO | AJ89: NO | AK89: 25 | AL89: NO | AM89: NO | AN89: RNT 39 SEM AEG | AO89: NO | AQ89: SI | AR89: SALA
A90: 87 | B90: 45919 | C90: 0.36597222 | G90: COIHUECO | H90: COIHUECO | J90: EUTOCICO | K90: 40 | L90: 5 | M90: FEMENINO | N90: 3970 | O90: 51 | P90: 36.5 | Q90: 4 | R90: SI | S90: SI | T90: SI | U90: CAMILA VERA | W90: 9 | X90: 10 | Y90: NO | Z90: NO | AA90: NO | AB90: NO | AC90: NO | AD90: SI | AE90: NO | AF90: NO | AG90: NO REACTIVO | AH90: NO | AI90: NEGATIVO | AJ90: NO | AK90: 26 | AL90: NO | AM90: NO | AN90: RNT 40 AEG | AO90: NO | AQ90: SI | AR90: SALA
A91: 88 | B91: 45920 | C91: 0.034722222 | G91: EL CARMEN | H91: EL CARMEN | J91: EUTOCICO | K91: 38 | L91: 6 | M91: MASCULINO | N91: 3300 | O91: 51.5 | P91: 35 | Q91: 4 | R91: SI | S91: SI | T91: SI | U91: CONSTANZA CANDIA | W91: 9 | X91: 9 | Y91: NO | Z91: NO | AA91: NO | AB91: NO | AC91: NO | AD91: SI | AE91: NO | AF91: NO | AG91: NO REACTIVO | AH91: NO | AI91: NEGATIVO | AJ91: NO | AK91: 25 | AL91: NO | AM91: NO | AN91: RNT 38 SEM AEG | AO91: NO | AQ91: SI | AR91: SALA
A92: 89 | B92: 45921 | C92: 0.31111111 | G92: COIHUECO | H92: COIHUECO | J92: CESAREA URGENCIA | K92: 40 | L92: 0 | M92: MASCULINO | N92: 3500 | O92: 50 | P92: 35 | Q92: 4 | R92: SI | S92: SI | T92: SI | U92: FERNANDA VILCHES | W92: 9 | X92: 10 | Y92: NO | Z92: NO | AA92: NO | AB92: NO | AC92: NO | AD92: SI | AE92: NO | AF92: NO | AG92: NO REACTIVO | AH92: NO | AI92: NEGATIVO | AJ92: NO | AK92: 22 | AL92: NO | AM92: NO | AN92: RNT 40 SEM AEG | AO92: NO | AQ92: SI | AR92: RECUPERACION | AT92: si
A93: 90 | B93: 45921 | C93: 0.68680556 | G93: EL CARMEN | H93: EL CARMEN | J93: EUTOCICO | K93: 37 | L93: 5 | M93: MASCULINO | N93: 2910 | O93: 48 | P93: 33 | Q93: 4 | R93: SI | S93: SI | T93: SI | U93: PATRICIA SANDOVAL | W93: 9 | X93: 10 | Y93: NO | Z93: NO | AA93: NO | AB93: NO | AC93: NO | AD93: SI | AE93: NO | AF93: NO | AG93: NO REACTIVO | AH93: NO | AI93: NEGATIVO | AJ93: NO | AK93: 43 | AL93: NO | AM93: NO | AN93: RNT 37 SEM AEG | AO93: NO | AQ93: SI | AR93: SALA
A94: 91 | B94: 45922 | C94: 0.029166667 | G94: CHILLAN | H94: SIN CONTROL | J94: EUTOCICO | K94: 31 | L94: 0 | M94: FEMENINO | N94: 1670 | O94: 43 | P94: 28 | Q94: 1 | R94: NO | S94: SI | T94: SI | U94: CAMILA VERA | W94: 8 | X94: 8 | Y94: NO | Z94: NO | AA94: NO | AB94: NO | AC94: NO | AD94: NO | AE94: NO | AF94: NO | AG94: SIN EXAMENES | AH94: NO | AI94: SIN EXAMENES | AJ94: NO | AK94: 14 | AL94: NO | AM94: NO | AN94: RNPT 31 AEG, EMBARAZO OCULTO, NO CONTROLADO | AO94: NO | AQ94: NO | AR94: TIM NEO | AU94: VVS
A95: 92 | B95: 45922 | C95: 0.12986111 | G95: CHILLAN | H95: SAN RAMON NONATO | J95: CESAREA URGENCIA | K95: 38 | L95: 4 | M95: MASCULINO | N95: 3970 | O95: 52 | P95: 37 | Q95: 4 | R95: SI | S95: SI | T95: SI | U95: CAMILA VERA | W95: 9 | X95: 9 | Y95: NO | Z95: NO | AA95: NO | AB95: SI | AC95: NO | AD95: SI | AE95: NO | AF95: NO | AG95: NO REACTIVO | AH95: NO | AI95: NEGATIVO | AJ95: NO | AK95: 41 | AL95: NO | AM95: NO | AN95: RNT 38 GEG | AO95: NO | AQ95: SI | AR95: RECUPERACION
A96: 93 | B96: 45922 | C96: 0.29236111 | G96: EL CARMEN | H96: EL CARMEN | J96: CESAREA URGENCIA | K96: 39 | L96: 1 | M96: FEMENINO | N96: 3060 | O96: 49 | P96: 33.5 | Q96: 1 | R96: SI | S96: SI | T96: SI | U96: CAMILA VERA | W96: 5 | X96: 9 | Y96: SI | Z96: NO | AA96: SI | AB96: NO | AC96: NO | AD96: NO | AE96: NO | AF96: NO | AG96: NO REACTIVO | AH96: NO | AI96: NEGATIVO | AJ96: NO | AK96: 29 | AL96: NO | AM96: NO | AN96: RNT 39 AEG, DEPRESION NN RECUPERADA | AO96: NO | AQ96: SI | AR96: RECUPERACION
A97: 94 | B97: 45922 | C97: 0.42986111 | G97: COELEMU | H97: COELEMU | J97: CESAREA ELECTIVA | K97: 31 | L97: 0 | M97: MASCULINO | N97: 1350 | O97: 39 | P97: 27.5 | Q97: 2 | R97: NO | S97: SI | T97: SI | U97: DANIEL DIONICIO | W97: 8 | X97: 9 | Y97: NO | Z97: NO | AA97: NO | AB97: NO | AC97: NO | AD97: SI | AE97: NO | AF97: NO | AG97: NO REACTIVO | AH97: NO | AI97: NEGATIVO | AJ97: NO | AK97: 29 | AL97: NO | AM97: NO | AN97: RN PRE T 31 SEM PEG | AO97: NO | AQ97: NO | AR97: TIM NEO | AT97: SI
A98: 95 | B98: 45922 | C98: 0.43680556 | G98: CHILLAN | H98: LOS VOLCANES | J98: EUTOCICO | K98: 41 | L98: 2 | M98: FEMENINO | N98: 3260 | O98: 50 | P98: 34 | Q98: 4 | R98: SI | S98: SI | T98: SI | U98: CONSTANZA CANDIA | W98: 9 | X98: 9 | Y98: NO | Z98: NO | AA98: NO | AB98: NO | AC98: NO | AD98: SI | AE98: NO | AF98: NO | AG98: NO REACTIVO | AH98: NO | AI98: NEGATIVO | AJ98: NO | AK98: 21 | AL98: SI | AM98: NO | AN98: RNT 40 SEM AGE HMD C/DIETA FRENILLO SUBLINGUAL CORTO | AO98: NO | AQ98: NO | AR98: SALA
A99: 96 | B99: 45922 | C99: 0.51041667 | G99: CHILLÁN VIEJO | H99: MICHELLE BACHELET | J99: CESAREA ELECTIVA | K99: 38 | L99: 1 | M99: FEMENINO | N99: 3180 | O99: 48 | P99: 34.5 | Q99: 4 | R99: SI | S99: SI | T99: SI | U99: DANIEL DIONICIO | W99: 8 | X99: 9 | Y99: NO | Z99: NO | AA99: NO | AB99: SI | AC99: NO | AD99: SI | AE99: NO | AF99: NO | AG99: NO REACTIVO | AH99: NO | AI99: NEGATIVO | AJ99: NO | AK99: 32 | AL99: NO | AM99: NO | AN99: RN T 38 SEM AEG | AO99: NO | AQ99: NO | AR99: RECUPERACION | AT99: SI
A100: 97 | B100: 45922 | C100: 0.57916667 | G100: CHILLAN | H100: ULTRAESTACION | J100: CESAREA URGENCIA | K100: 40 | L100: 3 | M100: MASCULINO | N100: 4130 | O100: 50 | P100: 35 | Q100: 4 | R100: SI | S100: SI | T100: SI | U100: DANIEL DIONICIO | W100: 8 | X100: 9 | Y100: SI | Z100: NO | AA100: NO | AB100: SI | AC100: NO | AD100: SI | AE100: NO | AF100: NO | AG100: NO REACTIVO | AH100: NO | AI100: NEGATIVO | AJ100: NO | AK100: 25 | AL100: SI | AM100: NO | AN100: RNT 40 SEM GEG | AO100: NO | AQ100: NO | AR100: RECUPERACION | AT100: SI
...

Sheet BCG (2)
A1: VACUNA BCG
A2: N° | B2: NOMBRE COMPLETO MADRE DE RN | C2: RUT | D2: si/no | E2: Comuna | F2: Fecha Nacimiento Madre | G2: Fecha Nacimiento Hijo | H2: Sexo | I2: Peso | J2: Reacción Adversa | K2: N° Cama
A3: ='2025'!A4 -> 1 | B3: ='2025'!E4 -> 0 | C3: ='2025'!F4 -> 0 | D3: si | E3: ='2025'!G4 -> CHILLAN VIEJO | F3: ='2025'!I4 -> 0 | G3: ='2025'!B4 -> 45901 | H3: ='2025'!M4 -> FEMENINO | I3: ='2025'!N4 -> 3450
A4: ='2025'!A5 -> 2 | B4: ='2025'!E5 -> 0 | C4: ='2025'!F5 -> 0 | D4: no | E4: ='2025'!G5 -> CHILLAN | F4: ='2025'!I5 -> 0 | G4: ='2025'!B5 -> 45901 | H4: ='2025'!M5 -> FEMENINO | I4: ='2025'!N5 -> 3350
A5: ='2025'!A6 -> 3 | B5: ='2025'!E6 -> 0 | C5: ='2025'!F6 -> 0 | D5: no | E5: ='2025'!G6 -> CHILLAN | F5: ='2025'!I6 -> 0 | G5: ='2025'!B6 -> 45901 | H5: ='2025'!M6 -> MASCULINO | I5: ='2025'!N6 -> 3270
A6: ='2025'!A7 -> 4 | B6: ='2025'!E7 -> 0 | C6: ='2025'!F7 -> 0 | D6: si | E6: ='2025'!G7 -> CHILLAN | F6: ='2025'!I7 -> 0 | G6: ='2025'!B7 -> 45901 | H6: ='2025'!M7 -> MASCULINO | I6: ='2025'!N7 -> 2470
A7: ='2025'!A8 -> 5 | B7: ='2025'!E8 -> 0 | C7: ='2025'!F8 -> 0 | D7: si | E7: ='2025'!G8 -> PORTEZUELO | F7: ='2025'!I8 -> 0 | G7: ='2025'!B8 -> 45902 | H7: ='2025'!M8 -> FEMENINO | I7: ='2025'!N8 -> 4030
A8: ='2025'!A9 -> 6 | B8: ='2025'!E9 -> 0 | C8: ='2025'!F9 -> 0 | D8: si | E8: ='2025'!G9 -> SAN IGNACIO | F8: ='2025'!I9 -> 0 | G8: ='2025'!B9 -> 45902 | H8: ='2025'!M9 -> FEMENINO | I8: ='2025'!N9 -> 3660
A9: ='2025'!A10 -> 7 | B9: ='2025'!E10 -> 0 | C9: ='2025'!F10 -> 0 | D9: si | E9: ='2025'!G10 -> CHILLAN | F9: ='2025'!I10 -> 0 | G9: ='2025'!B10 -> 45902 | H9: ='2025'!M10 -> MASCULINO | I9: ='2025'!N10 -> 2410
A10: ='2025'!A11 -> 8 | B10: ='2025'!E11 -> 0 | C10: ='2025'!F11 -> 0 | D10: si | E10: ='2025'!G11 -> CHILLAN | F10: ='2025'!I11 -> 0 | G10: ='2025'!B11 -> 45903 | H10: ='2025'!M11 -> MASCULINO | I10: ='2025'!N11 -> 3875
A11: ='2025'!A12 -> 9 | B11: ='2025'!E12 -> 0 | C11: ='2025'!F12 -> 0 | D11: si | E11: ='2025'!G12 -> BULNES | F11: ='2025'!I12 -> 0 | G11: ='2025'!B12 -> 45903 | H11: ='2025'!M12 -> FEMENINO | I11: ='2025'!N12 -> 3820
A12: ='2025'!A13 -> 10 | B12: ='2025'!E13 -> 0 | C12: ='2025'!F13 -> 0 | D12: si | E12: ='2025'!G13 -> QUILLON | F12: ='2025'!I13 -> 0 | G12: ='2025'!B13 -> 45903 | H12: ='2025'!M13 -> MASCULINO | I12: ='2025'!N13 -> 3310
A13: ='2025'!A14 -> 11 | B13: ='2025'!E14 -> 0 | C13: ='2025'!F14 -> 0 | D13: si | E13: ='2025'!G14 -> COIHUECO | F13: ='2025'!I14 -> 0 | G13: ='2025'!B14 -> 45903 | H13: ='2025'!M14 -> MASCULINO | I13: ='2025'!N14 -> 3330
A14: ='2025'!A15 -> 12 | B14: ='2025'!E15 -> 0 | C14: ='2025'!F15 -> 0 | D14: si | E14: ='2025'!G15 -> YUNGAY | F14: ='2025'!I15 -> 0 | G14: ='2025'!B15 -> 45904 | H14: ='2025'!M15 -> MASCULINO | I14: ='2025'!N15 -> 2350
... A34: ='2025'!A35 -> 32 | B34: ='2025'!E35 -> 0 | C34: ='2025'!F35 -> 0 | D34: si | E34: ='2025'!G35 -> COELEMU | F34: ='2025'!I35 -> 0 | G34: ='2025'!B35 -> 45908 | H34: ='2025'!M35 -> MASCULINO | I34: ='2025'!N35 -> 4290
A35: ='2025'!#REF! -> #REF! | B35: ='2025'!E36 -> 0 | C35: ='2025'!F36 -> 0 | D35: si | E35: ='2025'!G36 -> PUEBLO SECO | F35: ='2025'!I36 -> 0 | G35: ='2025'!B36 -> 45908 | H35: ='2025'!M36 -> MASCULINO | I35: ='2025'!N36 -> 3660
A36: ='2025'!A39 -> 36 | B36: ='2025'!#REF! -> #REF! | C36: ='2025'!#REF! -> #REF! | D36: si | E36: ='2025'!#REF! -> #REF! | F36: ='2025'!#REF! -> #REF! | G36: ='2025'!#REF! -> #REF! | H36: ='2025'!#REF! -> #REF! | I36: ='2025'!#REF! -> #REF!
A37: ='2025'!A40 -> 37 | B37: ='2025'!E39 -> 0 | C37: ='2025'!F39 -> 0 | D37: si | E37: ='2025'!G39 -> CHILLAN | F37: ='2025'!I39 -> 0 | G37: ='2025'!B39 -> 45908 | H37: ='2025'!M39 -> MASCULINO | I37: ='2025'!N39 -> 880
A38: ='2025'!A41 -> 38 | B38: ='2025'!E40 -> 0 | C38: ='2025'!F40 -> 0 | D38: si | E38: ='2025'!G40 -> CHILLAN | F38: ='2025'!I40 -> 0 | G38: ='2025'!B40 -> 45909 | H38: ='2025'!M40 -> FEMENINO | I38: ='2025'!N40 -> 3080
A39: ='2025'!A42 -> 39 | B39: ='2025'!E41 -> 0 | C39: ='2025'!F41 -> 0 | D39: si | E39: ='2025'!G41 -> YUNGAY | F39: ='2025'!I41 -> 0 | G39: ='2025'!B42 -> 45909 | H39: ='2025'!M41 -> MASCULINO | I39: ='2025'!N41 -> 2650
A40: ='2025'!A43 -> 40 | B40: ='2025'!E42 -> 0 | C40: ='2025'!F42 -> 0 | D40: si | E40: ='2025'!G42 -> CHILLAN VIEJO | F40: ='2025'!I42 -> 0 | G40: ='2025'!#REF! -> #REF! | H40: ='2025'!M42 -> FEMENINO | I40: ='2025'!N42 -> 3290
A41: ='2025'!A44 -> 41 | B41: ='2025'!E43 -> 0 | C41: ='2025'!F43 -> 0 | D41: si | E41: ='2025'!G43 -> CHILLAN | F41: ='2025'!I43 -> 0 | G41: ='2025'!B43 -> 45909 | H41: ='2025'!M43 -> FEMENINO | I41: ='2025'!N43 -> 3535
A42: ='2025'!A45 -> 42 | B42: ='2025'!E44 -> 0 | C42: ='2025'!F44 -> 0 | D42: si | E42: ='2025'!G44 -> CHILLAN | F42: ='2025'!I44 -> 0 | G42: ='2025'!B44 -> 45909 | H42: ='2025'!M44 -> MASCULINO | I42: ='2025'!N44 -> 3720
A43: ='2025'!A46 -> 43 | B43: ='2025'!E45 -> 0 | C43: ='2025'!F45 -> 0 | D43: si | E43: ='2025'!G45 -> COIHUECO | F43: ='2025'!I45 -> 0 | G43: ='2025'!B45 -> 45910 | H43: ='2025'!M45 -> MASCULINO | I43: ='2025'!N45 -> 4190
A44: ='2025'!A47 -> 44 | B44: ='2025'!E46 -> 0 | C44: ='2025'!F46 -> 0 | D44: si | E44: ='2025'!G46 -> EL CARMEN | F44: ='2025'!I46 -> 0 | G44: ='2025'!B46 -> 45910 | H44: ='2025'!M46 -> MASCULINO | I44: ='2025'!N46 -> 4260
A45: ='2025'!A48 -> 45 | B45: ='2025'!E47 -> 0 | C45: ='2025'!F47 -> 0 | D45: si | E45: ='2025'!G47 -> CHILLAN | F45: ='2025'!I47 -> 0 | G45: ='2025'!B47 -> 45910 | H45: ='2025'!M47 -> MASCULINO | I45: ='2025'!N47 -> 3330
A46: ='2025'!A49 -> 46 | B46: ='2025'!E48 -> 0 | C46: ='2025'!F48 -> 0 | D46: si | E46: ='2025'!G48 -> BULNES | F46: ='2025'!I48 -> 0 | G46: ='2025'!B48 -> 45910 | H46: ='2025'!M48 -> FEMENINO | I46: ='2025'!N48 -> 3110
A47: ='2025'!A50 -> 47 | B47: ='2025'!E49 -> 0 | C47: ='2025'!F49 -> 0 | D47: si | E47: ='2025'!G49 -> YUNGAY | F47: ='2025'!I49 -> 0 | G47: ='2025'!B49 -> 45910 | H47: ='2025'!M49 -> FEMENINO | I47: ='2025'!N49 -> 4070
A48: ='2025'!A51 -> 48 | B48: ='2025'!E50 -> 0 | C48: ='2025'!F50 -> 0 | D48: si | E48: ='2025'!G50 -> CHILLAN | F48: ='2025'!I50 -> 0 | G48: ='2025'!C53 -> 0.42152778 | H48: ='2025'!M50 -> MASCULINO | I48: ='2025'!N50 -> 2940
A49: ='2025'!A52 -> 49 | B49: ='2025'!E51 -> 0 | C49: ='2025'!F51 -> 0 | D49: si | E49: ='2025'!G51 -> CHILLAN | F49: ='2025'!I51 -> 0 | G49: ='2025'!B51 -> 45910 | H49: ='2025'!M51 -> FEMENINO | I49: ='2025'!N51 -> 2180
A50: ='2025'!A53 -> 50 | B50: ='2025'!E52 -> 0 | C50: ='2025'!F52 -> 0 | D50: si | E50: ='2025'!G53 -> BULNES | F50: ='2025'!I52 -> 0 | G50: ='2025'!B52 -> 45910 | H50: ='2025'!M52 -> MASCULINO | I50: ='2025'!N52 -> 1878
A51: ='2025'!A54 -> 51 | B51: ='2025'!E53 -> 0 | C51: ='2025'!F53 -> 0 | D51: si | E51: ='2025'!#REF! -> #REF! | F51: ='2025'!I53 -> 0 | G51: ='2025'!B53 -> 45911 | H51: ='2025'!M53 -> MASCULINO | I51: ='2025'!N53 -> 3567
A52: ='2025'!A55 -> 52 | B52: ='2025'!E54 -> 0 | C52: ='2025'!F54 -> 0 | D52: si | E52: ='2025'!G54 -> EL CARMEN | F52: ='2025'!I54 -> 0 | G52: ='2025'!B54 -> 45911 | H52: ='2025'!M54 -> FEMENINO | I52: ='2025'!N54 -> 3880
A53: ='2025'!#REF! -> #REF! | B53: ='2025'!E55 -> 0 | C53: ='2025'!F55 -> 0 | D53: si | E53: ='2025'!G55 -> CHILLAN | F53: ='2025'!I55 -> 0 | G53: ='2025'!B55 -> 45911 | H53: ='2025'!M55 -> FEMENINO | I53: ='2025'!N55 -> 2900
A54: ='2025'!A56 -> 53 | B54: ='2025'!#REF! -> #REF! | C54: ='2025'!#REF! -> #REF! | D54: si | E54: ='2025'!#REF! -> #REF! | F54: ='2025'!#REF! -> #REF! | G54: ='2025'!#REF! -> #REF! | H54: ='2025'!#REF! -> #REF! | I54: ='2025'!#REF! -> #REF!
A55: ='2025'!A57 -> 54 | B55: ='2025'!E56 -> 0 | C55: ='2025'!F56 -> 0 | D55: si | E55: ='2025'!G56 -> CHILLAN | F55: ='2025'!I56 -> 0 | G55: ='2025'!B56 -> 45911 | H55: ='2025'!M56 -> MASCULINO | I55: ='2025'!N56 -> 3890
A56: ='2025'!A58 -> 55 | B56: ='2025'!E57 -> 0 | C56: ='2025'!F57 -> 0 | D56: si | E56: ='2025'!G57 -> SAN IGNACIO | F56: ='2025'!I57 -> 0 | G56: ='2025'!B57 -> 45911 | H56: ='2025'!M57 -> MASCULINO | I56: ='2025'!N57 -> 3030
A57: ='2025'!A59 -> 56 | B57: ='2025'!E58 -> 0 | C57: ='2025'!F58 -> 0 | D57: si | E57: ='2025'!G58 -> YUNGAY | F57: ='2025'!I58 -> 0 | G57: ='2025'!B58 -> 45911 | H57: ='2025'!M58 -> FEMENINO | I57: ='2025'!N58 -> 2810
A58: ='2025'!A60 -> 57 | B58: ='2025'!E59 -> 0 | C58: ='2025'!F59 -> 0 | D58: si | E58: ='2025'!G59 -> CHILLAN VIEJO | F58: ='2025'!I59 -> 0 | G58: ='2025'!B59 -> 45912 | H58: ='2025'!M59 -> FEMENINO | I58: ='2025'!N59 -> 3910
A59: ='2025'!A61 -> 58 | B59: ='2025'!E60 -> 0 | C59: ='2025'!F60 -> 0 | D59: si | E59: ='2025'!G60 -> CHILLAN | F59: ='2025'!I60 -> 0 | G59: ='2025'!B60 -> 45912 | H59: ='2025'!M60 -> FEMENINO | I59: ='2025'!N60 -> 3030
A60: ='2025'!A62 -> 59 | B60: ='2025'!E61 -> 0 | C60: ='2025'!F61 -> 0 | D60: si | E60: ='2025'!G61 -> CHILLAN | F60: ='2025'!I61 -> 0 | G60: ='2025'!B61 -> 45912 | H60: ='2025'!M61 -> FEMENINO | I60: ='2025'!N61 -> 3560
A61: ='2025'!A63 -> 60 | B61: ='2025'!E62 -> 0 | C61: ='2025'!F62 -> 0 | D61: si | E61: ='2025'!G62 -> CHILLAN | F61: ='2025'!I62 -> 0 | G61: ='2025'!B62 -> 45912 | H61: ='2025'!M62 -> MASCULINO | I61: ='2025'!N62 -> 2960
A62: ='2025'!A64 -> 61 | B62: ='2025'!E63 -> 0 | C62: ='2025'!F63 -> 0 | D62: si | E62: ='2025'!G63 -> CHILLAN | F62: ='2025'!I63 -> 0 | G62: ='2025'!B63 -> 45912 | H62: ='2025'!M63 -> MASCULINO | I62: ='2025'!N63 -> 3270
A63: ='2025'!A65 -> 62 | B63: ='2025'!E64 -> 0 | C63: ='2025'!F64 -> 0 | D63: si | E63: ='2025'!G64 -> QUILLON | F63: ='2025'!I64 -> 0 | G63: ='2025'!B64 -> 45912 | H63: ='2025'!M64 -> FEMENINO | I63: ='2025'!N64 -> 3660
A64: ='2025'!A66 -> 63 | B64: ='2025'!E65 -> 0 | C64: ='2025'!F65 -> 0 | D64: si | E64: ='2025'!G65 -> COELEMU | F64: ='2025'!I65 -> 0 | G64: ='2025'!B65 -> 45913 | H64: ='2025'!M65 -> MASCULINO | I64: ='2025'!N65 -> 4020
A65: ='2025'!A67 -> 64 | B65: ='2025'!E66 -> 0 | C65: ='2025'!F66 -> 0 | D65: si | E65: ='2025'!G66 -> PORTEZUELO | F65: ='2025'!I66 -> 0 | G65: ='2025'!B66 -> 45913 | H65: ='2025'!M66 -> MASCULINO | I65: ='2025'!N66 -> 2385
A66: ='2025'!A68 -> 65 | B66: ='2025'!E67 -> 0 | C66: ='2025'!F67 -> 0 | D66: si | E66: ='2025'!G67 -> CHILLAN | F66: ='2025'!I67 -> 0 | G66: ='2025'!B67 -> 45913 | H66: ='2025'!M67 -> MASCULINO | I66: ='2025'!N67 -> 3710
... A71: ='2025'!A73 -> 70 | B71: ='2025'!E72 -> 0 | C71: ='2025'!F72 -> 0 | D71: no | E71: ='2025'!G72 -> CHILLAN | F71: ='2025'!I72 -> 0 | G71: ='2025'!B72 -> 45914 | H71: ='2025'!M72 -> MASCULINO | I71: ='2025'!N72 -> 4080
A72: ='2025'!A74 -> 71 | B72: ='2025'!E73 -> 0 | C72: ='2025'!F73 -> 0 | D72: si | E72: ='2025'!G73 -> CHILLAN | F72: ='2025'!I73 -> 0 | G72: ='2025'!#REF! -> #REF! | H72: ='2025'!M73 -> FEMENINO | I72: ='2025'!N73 -> 3750
A73: ='2025'!A75 -> 72 | B73: ='2025'!E74 -> 0 | C73: ='2025'!F74 -> 0 | D73: si | E73: ='2025'!G74 -> PORTEZUELO | F73: ='2025'!I74 -> 0 | G73: ='2025'!B74 -> 45902 | H73: ='2025'!M74 -> FEMENINO | I73: ='2025'!N74 -> 3590
A74: ='2025'!A76 -> 73 | B74: ='2025'!E75 -> 0 | C74: ='2025'!F75 -> 0 | D74: si | E74: ='2025'!G75 -> CHILLAN VIEJO | F74: ='2025'!I75 -> 0 | G74: ='2025'!B75 -> 45915 | H74: ='2025'!M75 -> MASCULINO | I74: ='2025'!N75 -> 3220
A75: ='2025'!A77 -> 74 | B75: ='2025'!E76 -> 0 | C75: ='2025'!F76 -> 0 | D75: si | E75: ='2025'!G76 -> ÑIPAS | F75: ='2025'!I76 -> 0 | G75: ='2025'!B76 -> 45915 | H75: ='2025'!M76 -> FEMENINO | I75: ='2025'!N76 -> 2360
A76: ='2025'!A78 -> 75 | B76: ='2025'!E77 -> 0 | C76: ='2025'!F77 -> 0 | D76: si | E76: ='2025'!G77 -> SAN IGNACIO | F76: ='2025'!I77 -> 0 | G76: ='2025'!B77 -> 45916 | H76: ='2025'!M77 -> FEMENINO | I76: ='2025'!N77 -> 2830
A77: ='2025'!A79 -> 76 | B77: ='2025'!E78 -> 0 | C77: ='2025'!F78 -> 0 | D77: si | E77: ='2025'!G78 -> QUIRIHUE | F77: ='2025'!I78 -> 0 | G77: ='2025'!B78 -> 45916 | H77: ='2025'!M78 -> FEMENINO | I77: ='2025'!N78 -> 3110
A78: ='2025'!A80 -> 77 | B78: ='2025'!E79 -> 0 | C78: ='2025'!F79 -> 0 | D78: si | E78: ='2025'!G79 -> COIHUECO | F78: ='2025'!I79 -> 0 | G78: ='2025'!B79 -> 45916 | H78: ='2025'!M79 -> MASCULINO | I78: ='2025'!N79 -> 3220
A79: ='2025'!A81 -> 78 | B79: ='2025'!E80 -> 0 | C79: ='2025'!F80 -> 0 | D79: si | E79: ='2025'!G80 -> PINTO | F79: ='2025'!I80 -> 0 | G79: ='2025'!B80 -> 45916 | H79: ='2025'!M80 -> MASCULINO | I79: ='2025'!N80 -> 3370
A80: ='2025'!A82 -> 79 | B80: ='2025'!E81 -> 0 | C80: ='2025'!F81 -> 0 | D80: si | E80: ='2025'!G81 -> PINTO | F80: ='2025'!I81 -> 0 | G80: ='2025'!B81 -> 45916 | H80: ='2025'!M81 -> MASCULINO | I80: ='2025'!N81 -> 3280
A81: ='2025'!A83 -> 80 | B81: ='2025'!E82 -> 0 | C81: ='2025'!F82 -> 0 | D81: si | E81: ='2025'!G82 -> PINTO | F81: ='2025'!I82 -> 0 | G81: ='2025'!B82 -> 45916 | H81: ='2025'!M82 -> MASCULINO | I81: ='2025'!N82 -> 3450
A82: ='2025'!A84 -> 81 | B82: ='2025'!E83 -> 0 | C82: ='2025'!F83 -> 0 | D82: si | E82: ='2025'!G83 -> CHILLAN | F82: ='2025'!I83 -> 0 | G82: ='2025'!B83 -> 45917 | H82: ='2025'!M83 -> FEMENINO | I82: ='2025'!N83 -> 3320
A83: ='2025'!A85 -> 82 | B83: ='2025'!E84 -> 0 | C83: ='2025'!F84 -> 0 | D83: si | E83: ='2025'!G84 -> CHILLAN | F83: ='2025'!I84 -> 0 | G83: ='2025'!B84 -> 45917 | H83: ='2025'!M84 -> MASCULINO | I83: ='2025'!N84 -> 3410
A84: ='2025'!A86 -> 83 | B84: ='2025'!E85 -> 0 | C84: ='2025'!F85 -> 0 | D84: si | E84: ='2025'!G85 -> CHILLAN | F84: ='2025'!I85 -> 0 | G84: ='2025'!B85 -> 45918 | H84: ='2025'!M85 -> FEMENINO | I84: ='2025'!N85 -> 3610
... A89: ='2025'!A91 -> 88 | B89: ='2025'!E90 -> 0 | C89: ='2025'!F90 -> 0 | D89: no | E89: ='2025'!G90 -> COIHUECO | F89: ='2025'!I90 -> 0 | G89: ='2025'!B90 -> 45919 | H89: ='2025'!M90 -> FEMENINO | I89: ='2025'!N90 -> 3970
A90: ='2025'!A92 -> 89 | B90: ='2025'!E91 -> 0 | C90: ='2025'!F91 -> 0 | E90: ='2025'!G91 -> EL CARMEN | F90: ='2025'!I91 -> 0 | G90: ='2025'!B91 -> 45920 | H90: ='2025'!M91 -> MASCULINO | I90: ='2025'!N91 -> 3300
A91: ='2025'!A93 -> 90 | B91: ='2025'!E92 -> 0 | C91: ='2025'!F92 -> 0 | E91: ='2025'!G92 -> COIHUECO | F91: ='2025'!I92 -> 0 | G91: ='2025'!B92 -> 45921 | H91: ='2025'!M92 -> MASCULINO | I91: ='2025'!N92 -> 3500
A92: ='2025'!A94 -> 91 | B92: ='2025'!E93 -> 0 | C92: ='2025'!F93 -> 0 | E92: ='2025'!G93 -> EL CARMEN | F92: ='2025'!I93 -> 0 | G92: ='2025'!B93 -> 45921 | H92: ='2025'!M93 -> MASCULINO | I92: ='2025'!N93 -> 2910
A93: ='2025'!A95 -> 92 | B93: ='2025'!E94 -> 0 | C93: ='2025'!F94 -> 0 | E93: ='2025'!G94 -> CHILLAN | F93: ='2025'!I94 -> 0 | G93: ='2025'!B94 -> 45922 | H93: ='2025'!M94 -> FEMENINO | I93: ='2025'!N94 -> 1670
A94: ='2025'!A96 -> 93 | B94: ='2025'!E95 -> 0 | C94: ='2025'!F95 -> 0 | E94: ='2025'!G95 -> CHILLAN | F94: ='2025'!I95 -> 0 | G94: ='2025'!B95 -> 45922 | H94: ='2025'!M95 -> MASCULINO | I94: ='2025'!N95 -> 3970
A95: ='2025'!A97 -> 94 | B95: ='2025'!E96 -> 0 | C95: ='2025'!F96 -> 0 | E95: ='2025'!G96 -> EL CARMEN | F95: ='2025'!I96 -> 0 | G95: ='2025'!B96 -> 45922 | H95: ='2025'!M96 -> FEMENINO | I95: ='2025'!N96 -> 3060
A96: ='2025'!A98 -> 95 | B96: ='2025'!E97 -> 0 | C96: ='2025'!F97 -> 0 | E96: ='2025'!G97 -> COELEMU | F96: ='2025'!I97 -> 0 | G96: ='2025'!B97 -> 45922 | H96: ='2025'!M97 -> MASCULINO | I96: ='2025'!N97 -> 1350
A97: ='2025'!A99 -> 96 | B97: ='2025'!E98 -> 0 | C97: ='2025'!F98 -> 0 | E97: ='2025'!G98 -> CHILLAN | F97: ='2025'!I98 -> 0 | G97: ='2025'!B98 -> 45922 | H97: ='2025'!M98 -> FEMENINO | I97: ='2025'!N98 -> 3260
A98: ='2025'!A100 -> 97 | B98: ='2025'!E99 -> 0 | C98: ='2025'!F99 -> 0 | E98: ='2025'!G99 -> CHILLÁN VIEJO | F98: ='2025'!I99 -> 0 | G98: ='2025'!B99 -> 45922 | H98: ='2025'!M99 -> FEMENINO | I98: ='2025'!N99 -> 3180
A99: ='2025'!A101 -> 98 | B99: ='2025'!E100 -> 0 | C99: ='2025'!F100 -> 0 | E99: ='2025'!G100 -> CHILLAN | F99: ='2025'!I100 -> 0 | G99: ='2025'!B100 -> 45922 | H99: ='2025'!M100 -> MASCULINO | I99: ='2025'!N100 -> 4130
A100: ='2025'!A102 -> 99 | B100: ='2025'!E101 -> 0 | C100: ='2025'!F101 -> 0 | E100: ='2025'!G101 -> CHILLAN | F100: ='2025'!I101 -> 0 | G100: ='2025'!B101 -> 45922 | H100: ='2025'!M101 -> FEMENINO | I100: ='2025'!N101 -> 3420
A101: ='2025'!A103 -> 100 | B101: ='2025'!E102 -> 0 | C101: ='2025'!F102 -> 0 | E101: ='2025'!G102 -> QUIRIQUINA | F101: ='2025'!I102 -> 0 | G101: ='2025'!B102 -> 45923 | H101: ='2025'!M102 -> MASCULINO | I101: ='2025'!N102 -> 3230
... A146: ='2025'!A148 -> 153 | B146: ='2025'!E147 -> 0 | C146: ='2025'!F147 -> 0 | E146: ='2025'!G147 -> 0 | F146: ='2025'!I147 -> 0 | G146: ='2025'!B147 -> 0 | H146: ='2025'!M147 -> 0 | I146: ='2025'!N147 -> 0
A147: ='2025'!#REF! -> #REF! | B147: ='2025'!E148 -> 0 | C147: ='2025'!F148 -> 0 | E147: ='2025'!G148 -> 0 | F147: ='2025'!I148 -> 0 | G147: ='2025'!B148 -> 0 | H147: ='2025'!M148 -> 0 | I147: ='2025'!N148 -> 0
A148: ='2025'!#REF! -> #REF! | B148: ='2025'!#REF! -> #REF! | C148: ='2025'!#REF! -> #REF! | E148: ='2025'!#REF! -> #REF! | F148: ='2025'!#REF! -> #REF! | G148: ='2025'!#REF! -> #REF! | H148: ='2025'!#REF! -> #REF! | I148: ='2025'!#REF! -> #REF!
A149: ='2025'!A149 -> 154 | B149: ='2025'!#REF! -> #REF! | C149: ='2025'!#REF! -> #REF! | E149: ='2025'!#REF! -> #REF! | F149: ='2025'!#REF! -> #REF! | G149: ='2025'!#REF! -> #REF! | H149: ='2025'!#REF! -> #REF! | I149: ='2025'!#REF! -> #REF!
A150: ='2025'!A150 -> 155 | B150: ='2025'!E149 -> 0 | C150: ='2025'!F149 -> 0 | E150: ='2025'!G149 -> 0 | F150: ='2025'!I149 -> 0 | G150: ='2025'!B149 -> 0 | H150: ='2025'!M149 -> 0 | I150: ='2025'!N149 -> 0
A151: ='2025'!A151 -> 156 | B151: ='2025'!E150 -> 0 | C151: ='2025'!F150 -> 0 | E151: ='2025'!G150 -> 0 | F151: ='2025'!I150 -> 0 | G151: ='2025'!B150 -> 0 | H151: ='2025'!M150 -> 0 | I151: ='2025'!N150 -> 0
A152: ='2025'!A152 -> 157 | B152: ='2025'!E151 -> 0 | C152: ='2025'!F151 -> 0 | D152: si | E152: ='2025'!G151 -> 0 | F152: ='2025'!I151 -> 0 | G152: ='2025'!B151 -> 0 | H152: ='2025'!M151 -> 0 | I152: ='2025'!N151 -> 0
A153: ='2025'!A153 -> 158 | B153: ='2025'!E152 -> 0 | C153: ='2025'!F152 -> 0 | E153: ='2025'!G152 -> 0 | F153: ='2025'!I152 -> 0 | G153: ='2025'!B152 -> 0 | H153: ='2025'!M152 -> 0 | I153: ='2025'!N152 -> 0
A154: ='2025'!A154 -> 159 | B154: ='2025'!E153 -> 0 | C154: ='2025'!F153 -> 0 | D154: si | E154: ='2025'!G153 -> 0 | F154: ='2025'!I153 -> 0 | G154: ='2025'!B153 -> 0 | H154: ='2025'!M153 -> 0 | I154: ='2025'!N153 -> 0
A155: ='2025'!A155 -> 160 | B155: ='2025'!E154 -> 0 | C155: ='2025'!F154 -> 0 | D155: si | E155: ='2025'!G154 -> 0 | F155: ='2025'!I154 -> 0 | G155: ='2025'!B154 -> 0 | H155: ='2025'!M154 -> 0 | I155: ='2025'!N154 -> 0
A156: ='2025'!A156 -> 161 | B156: ='2025'!E155 -> 0 | C156: ='2025'!F155 -> 0 | D156: si | E156: ='2025'!G155 -> 0 | F156: ='2025'!I155 -> 0 | G156: ='2025'!B155 -> 0 | H156: ='2025'!M155 -> 0 | I156: ='2025'!N155 -> 0
A157: ='2025'!A157 -> 162 | B157: ='2025'!E156 -> 0 | C157: ='2025'!F156 -> 0 | D157: si | E157: ='2025'!G156 -> 0 | F157: ='2025'!I156 -> 0 | G157: ='2025'!B156 -> 0 | H157: ='2025'!M156 -> 0 | I157: ='2025'!N156 -> 0
A158: ='2025'!A158 -> 163 | B158: ='2025'!E157 -> 0 | C158: ='2025'!F157 -> 0 | D158: si | E158: ='2025'!G157 -> 0 | F158: ='2025'!I157 -> 0 | G158: ='2025'!B157 -> 0 | H158: ='2025'!M157 -> 0 | I158: ='2025'!N157 -> 0
A159: ='2025'!A159 -> 164 | B159: ='2025'!E158 -> 0 | C159: ='2025'!F158 -> 0 | D159: si | E159: ='2025'!G158 -> 0 | F159: ='2025'!I158 -> 0 | G159: ='2025'!B158 -> 0 | H159: ='2025'!M158 -> 0 | I159: ='2025'!N158 -> 0
A160: ='2025'!A160 -> 165 | B160: ='2025'!E159 -> 0 | C160: ='2025'!F159 -> 0 | D160: si | E160: ='2025'!G159 -> 0 | F160: ='2025'!I159 -> 0 | G160: ='2025'!B159 -> 0 | H160: ='2025'!M159 -> 0 | I160: ='2025'!N159 -> 0
A161: ='2025'!A161 -> 166 | B161: ='2025'!E160 -> 0 | C161: ='2025'!F160 -> 0 | D161: si | E161: ='2025'!G160 -> 0 | F161: ='2025'!I160 -> 0 | G161: ='2025'!B160 -> 0 | H161: ='2025'!M160 -> 0 | I161: ='2025'!N160 -> 0
A162: ='2025'!A162 -> 167 | B162: ='2025'!E161 -> 0 | C162: ='2025'!F161 -> 0 | E162: ='2025'!G161 -> 0 | F162: ='2025'!I161 -> 0 | G162: ='2025'!B161 -> 0 | H162: ='2025'!M161 -> 0 | I162: ='2025'!N161 -> 0
A163: ='2025'!A163 -> 168 | B163: ='2025'!E162 -> 0 | C163: ='2025'!F162 -> 0 | E163: ='2025'!G162 -> 0 | F163: ='2025'!I162 -> 0 | G163: ='2025'!B162 -> 0 | H163: ='2025'!M162 -> 0 | I163: ='2025'!N162 -> 0
A164: ='2025'!A164 -> 169 | B164: ='2025'!E163 -> 0 | C164: ='2025'!F163 -> 0 | E164: ='2025'!G163 -> 0 | F164: ='2025'!I163 -> 0 | G164: ='2025'!B163 -> 0 | H164: ='2025'!M163 -> 0 | I164: ='2025'!N163 -> 0
A165: ='2025'!A165 -> 170 | B165: ='2025'!E164 -> 0 | C165: ='2025'!F164 -> 0 | E165: ='2025'!G164 -> 0 | F165: ='2025'!I164 -> 0 | G165: ='2025'!B164 -> 0 | H165: ='2025'!M164 -> 0 | I165: ='2025'!N164 -> 0
A166: ='2025'!A166 -> 171 | B166: ='2025'!E165 -> 0 | C166: ='2025'!F165 -> 0 | E166: ='2025'!G165 -> 0 | F166: ='2025'!I165 -> 0 | G166: ='2025'!B165 -> 0 | H166: ='2025'!M165 -> 0 | I166: ='2025'!N165 -> 0
A167: ='2025'!A167 -> 172 | B167: ='2025'!E166 -> 0 | C167: ='2025'!F166 -> 0 | E167: ='2025'!G166 -> 0 | F167: ='2025'!I166 -> 0 | G167: ='2025'!B166 -> 0 | H167: ='2025'!M166 -> 0 | I167: ='2025'!N166 -> 0
A168: ='2025'!A168 -> 173 | B168: ='2025'!E167 -> 0 | C168: ='2025'!F167 -> 0 | E168: ='2025'!G167 -> 0 | F168: ='2025'!I167 -> 0 | G168: ='2025'!B167 -> 0 | H168: ='2025'!M167 -> 0 | I168: ='2025'!N167 -> 0
A169: ='2025'!A169 -> 174 | B169: ='2025'!E168 -> 0 | C169: ='2025'!F168 -> 0 | E169: ='2025'!G168 -> 0 | F169: ='2025'!I168 -> 0 | G169: ='2025'!B168 -> 0 | H169: ='2025'!M168 -> 0 | I169: ='2025'!N168 -> 0
A170: ='2025'!A170 -> 175 | B170: ='2025'!E169 -> 0 | C170: ='2025'!F169 -> 0 | E170: ='2025'!G169 -> 0 | F170: ='2025'!I169 -> 0 | G170: ='2025'!B169 -> 0 | H170: ='2025'!M169 -> 0 | I170: ='2025'!N169 -> 0
A171: ='2025'!A171 -> 176 | B171: ='2025'!E170 -> 0 | C171: ='2025'!F170 -> 0 | E171: ='2025'!G170 -> 0 | F171: ='2025'!I170 -> 0 | G171: ='2025'!B170 -> 0 | H171: ='2025'!M170 -> 0 | I171: ='2025'!N170 -> 0
...

Sheet BCG
A1: VACUNA BCG
A2: N° | B2: NOMBRE COMPLETO MADRE DE RN | C2: RUT | D2: si/no | E2: Comuna | F2: Fecha Nacimiento Madre | G2: Fecha Nacimiento Hijo | H2: Sexo | I2: Peso | J2: Reacción Adversa | K2: N° Cama
A3: ='2025'!A4 -> 1 | B3: ='2025'!E4 -> 0 | C3: ='2025'!F4 -> 0 | D3: SI | E3: ='2025'!G4 -> CHILLAN VIEJO | F3: ='2025'!I4 -> 0 | G3: ='2025'!B4 -> 45901 | H3: ='2025'!M4 -> FEMENINO | I3: ='2025'!N4 -> 3450 | K3: ='2025'!AR4 -> RECUPERACION
A4: ='2025'!A5 -> 2 | B4: ='2025'!E5 -> 0 | C4: ='2025'!F5 -> 0 | D4: SI | E4: ='2025'!G5 -> CHILLAN | F4: ='2025'!I5 -> 0 | G4: ='2025'!B5 -> 45901 | H4: ='2025'!M5 -> FEMENINO | I4: ='2025'!N5 -> 3350 | K4: ='2025'!AR5 -> RECUPERACION
A5: ='2025'!A6 -> 3 | B5: ='2025'!E6 -> 0 | C5: ='2025'!F6 -> 0 | D5: SI | E5: ='2025'!G6 -> CHILLAN | F5: ='2025'!I6 -> 0 | G5: ='2025'!B6 -> 45901 | H5: ='2025'!M6 -> MASCULINO | I5: ='2025'!N6 -> 3270 | K5: ='2025'!AR6 -> TIM NEO
A6: ='2025'!A7 -> 4 | B6: ='2025'!E7 -> 0 | C6: ='2025'!F7 -> 0 | D6: SI | E6: ='2025'!G7 -> CHILLAN | F6: ='2025'!I7 -> 0 | G6: ='2025'!B7 -> 45901 | H6: ='2025'!M7 -> MASCULINO | I6: ='2025'!N7 -> 2470 | K6: ='2025'!AR7 -> RECUPERACION
A7: ='2025'!A8 -> 5 | B7: ='2025'!E8 -> 0 | C7: ='2025'!F8 -> 0 | D7: SI | E7: ='2025'!G8 -> PORTEZUELO | F7: ='2025'!I8 -> 0 | G7: ='2025'!B8 -> 45902 | H7: ='2025'!M8 -> FEMENINO | I7: ='2025'!N8 -> 4030 | K7: ='2025'!AR8 -> SALA
A8: ='2025'!A9 -> 6 | B8: ='2025'!E9 -> 0 | C8: ='2025'!F9 -> 0 | D8: SI | E8: ='2025'!G9 -> SAN IGNACIO | F8: ='2025'!I9 -> 0 | G8: ='2025'!B9 -> 45902 | H8: ='2025'!M9 -> FEMENINO | I8: ='2025'!N9 -> 3660 | K8: ='2025'!AR9 -> SALA
A9: ='2025'!A10 -> 7 | B9: ='2025'!E10 -> 0 | C9: ='2025'!F10 -> 0 | D9: SI | E9: ='2025'!G10 -> CHILLAN | F9: ='2025'!I10 -> 0 | G9: ='2025'!B10 -> 45902 | H9: ='2025'!M10 -> MASCULINO | I9: ='2025'!N10 -> 2410 | K9: ='2025'!AR10 -> SALA
A10: ='2025'!A11 -> 8 | B10: ='2025'!E11 -> 0 | C10: ='2025'!F11 -> 0 | D10: SI | E10: ='2025'!G11 -> CHILLAN | F10: ='2025'!I11 -> 0 | G10: ='2025'!B11 -> 45903 | H10: ='2025'!M11 -> MASCULINO | I10: ='2025'!N11 -> 3875 | K10: ='2025'!AR11 -> SALA
A11: ='2025'!A12 -> 9 | B11: ='2025'!E12 -> 0 | C11: ='2025'!F12 -> 0 | D11: NO | E11: ='2025'!G12 -> BULNES | F11: ='2025'!I12 -> 0 | G11: ='2025'!B12 -> 45903 | H11: ='2025'!M12 -> FEMENINO | I11: ='2025'!N12 -> 3820 | K11: ='2025'!AR12 -> RECUPERACION
A12: ='2025'!A13 -> 10 | B12: ='2025'!E13 -> 0 | C12: ='2025'!F13 -> 0 | D12: SI | E12: ='2025'!G13 -> QUILLON | F12: ='2025'!I13 -> 0 | G12: ='2025'!B13 -> 45903 | H12: ='2025'!M13 -> MASCULINO | I12: ='2025'!N13 -> 3310 | K12: ='2025'!AR13 -> SALA
A13: ='2025'!A14 -> 11 | B13: ='2025'!E14 -> 0 | C13: ='2025'!F14 -> 0 | D13: SI | E13: ='2025'!G14 -> COIHUECO | F13: ='2025'!I14 -> 0 | G13: ='2025'!B14 -> 45903 | H13: ='2025'!M14 -> MASCULINO | I13: ='2025'!N14 -> 3330 | K13: ='2025'!AR14 -> SALA
A14: ='2025'!A15 -> 12 | B14: ='2025'!E15 -> 0 | C14: ='2025'!F15 -> 0 | D14: SI | E14: ='2025'!G15 -> YUNGAY | F14: ='2025'!I15 -> 0 | G14: ='2025'!B15 -> 45904 | H14: ='2025'!M15 -> MASCULINO | I14: ='2025'!N15 -> 2350 | K14: ='2025'!AR15 -> RECUPERACION
... A27: ='2025'!A28 -> 25 | B27: ='2025'!E28 -> 0 | C27: ='2025'!F28 -> 0 | D27: si | E27: ='2025'!G28 -> BULNES | F27: ='2025'!I28 -> 0 | G27: ='2025'!B28 -> 45783 | H27: ='2025'!M28 -> FEMENINO | I27: ='2025'!N28 -> 2820 | K27: ='2025'!AR28 -> SALA
A28: ='2025'!#REF! -> #REF! | B28: ='2025'!#REF! -> #REF! | C28: ='2025'!#REF! -> #REF! | E28: ='2025'!#REF! -> #REF! | F28: ='2025'!#REF! -> #REF! | G28: ='2025'!#REF! -> #REF! | H28: ='2025'!#REF! -> #REF! | I28: ='2025'!#REF! -> #REF! | K28: ='2025'!#REF! -> #REF!
A29: ='2025'!A30 -> 27 | B29: ='2025'!E30 -> 0 | C29: ='2025'!F30 -> 0 | E29: ='2025'!G30 -> CHILLAN | F29: ='2025'!I30 -> 0 | G29: ='2025'!B30 -> 45907 | H29: ='2025'!M30 -> MASCULINO | I29: ='2025'!N30 -> 4170 | K29: ='2025'!AR30 -> RECUPERACION
A30: ='2025'!A31 -> 28 | B30: ='2025'!E31 -> 0 | C30: ='2025'!F31 -> 0 | E30: ='2025'!G31 -> RANQUIL | F30: ='2025'!I31 -> 0 | G30: ='2025'!B31 -> 45907 | H30: ='2025'!M31 -> FEMENINO | I30: ='2025'!N31 -> 2780 | K30: ='2025'!AR31 -> SALA
A31: ='2025'!A32 -> 29 | B31: ='2025'!E32 -> 0 | C31: ='2025'!F32 -> 0 | E31: ='2025'!G32 -> CHILLAN | F31: ='2025'!I32 -> 0 | G31: ='2025'!B32 -> 45908 | H31: ='2025'!M32 -> MASCULINO | I31: ='2025'!N32 -> 3235 | K31: ='2025'!AR32 -> SALA
A32: ='2025'!A33 -> 30 | B32: ='2025'!E33 -> 0 | C32: ='2025'!F33 -> 0 | E32: ='2025'!G33 -> CHILLAN | F32: ='2025'!I33 -> 0 | G32: ='2025'!B33 -> 45908 | H32: ='2025'!M33 -> FEMENINO | I32: ='2025'!N33 -> 3280 | K32: ='2025'!AR33 -> SALA
A33: ='2025'!A34 -> 31 | B33: ='2025'!E34 -> 0 | C33: ='2025'!F34 -> 0 | E33: ='2025'!G34 -> QUIRIHUE | F33: ='2025'!I34 -> 0 | G33: ='2025'!B34 -> 45908 | H33: ='2025'!M34 -> FEMENINO | I33: ='2025'!N34 -> 3960 | K33: ='2025'!AR34 -> RECUPERACION
A34: ='2025'!A29 -> 26 | B34: ='2025'!E29 -> 0 | C34: ='2025'!F29 -> 0 | E34: ='2025'!G29 -> CHILLAN | F34: ='2025'!I29 -> 0 | G34: ='2025'!B29 -> 45906 | H34: ='2025'!M29 -> MASCULINO | I34: ='2025'!N29 -> 2580 | K34: ='2025'!AR29 -> SALA
A35: ='2025'!#REF! -> #REF! | B35: ='2025'!E36 -> 0 | C35: ='2025'!F36 -> 0 | E35: ='2025'!G36 -> PUEBLO SECO | F35: ='2025'!I36 -> 0 | G35: ='2025'!B36 -> 45908 | H35: ='2025'!M36 -> MASCULINO | I35: ='2025'!N36 -> 3660 | K35: ='2025'!AR36 -> SALA
A36: ='2025'!A39 -> 36 | B36: ='2025'!#REF! -> #REF! | C36: ='2025'!#REF! -> #REF! | E36: ='2025'!#REF! -> #REF! | F36: ='2025'!#REF! -> #REF! | G36: ='2025'!#REF! -> #REF! | H36: ='2025'!#REF! -> #REF! | I36: ='2025'!#REF! -> #REF! | K36: ='2025'!#REF! -> #REF!
A37: ='2025'!A40 -> 37 | B37: ='2025'!E39 -> 0 | C37: ='2025'!F39 -> 0 | E37: ='2025'!G39 -> CHILLAN | F37: ='2025'!I39 -> 0 | G37: ='2025'!B39 -> 45908 | H37: ='2025'!M39 -> MASCULINO | I37: ='2025'!N39 -> 880 | K37: ='2025'!AR39 -> UCI
A38: ='2025'!A41 -> 38 | B38: ='2025'!E40 -> 0 | C38: ='2025'!F40 -> 0 | E38: ='2025'!G40 -> CHILLAN | F38: ='2025'!I40 -> 0 | G38: ='2025'!B40 -> 45909 | H38: ='2025'!M40 -> FEMENINO | I38: ='2025'!N40 -> 3080 | K38: ='2025'!AR40 -> SALA
A39: ='2025'!A42 -> 39 | B39: ='2025'!E41 -> 0 | C39: ='2025'!F41 -> 0 | E39: ='2025'!G41 -> YUNGAY | F39: ='2025'!I41 -> 0 | G39: ='2025'!B42 -> 45909 | H39: ='2025'!M41 -> MASCULINO | I39: ='2025'!N41 -> 2650 | K39: ='2025'!AR41 -> SALA
A40: ='2025'!A43 -> 40 | B40: ='2025'!E42 -> 0 | C40: ='2025'!F42 -> 0 | E40: ='2025'!G42 -> CHILLAN VIEJO | F40: ='2025'!I42 -> 0 | G40: ='2025'!#REF! -> #REF! | H40: ='2025'!M42 -> FEMENINO | I40: ='2025'!N42 -> 3290 | K40: ='2025'!AR42 -> RECUPERACION
A41: ='2025'!A44 -> 41 | B41: ='2025'!E43 -> 0 | C41: ='2025'!F43 -> 0 | E41: ='2025'!G43 -> CHILLAN | F41: ='2025'!I43 -> 0 | G41: ='2025'!B43 -> 45909 | H41: ='2025'!M43 -> FEMENINO | I41: ='2025'!N43 -> 3535 | K41: ='2025'!AR43 -> SALA
A42: ='2025'!A45 -> 42 | B42: ='2025'!E44 -> 0 | C42: ='2025'!F44 -> 0 | E42: ='2025'!G44 -> CHILLAN | F42: ='2025'!I44 -> 0 | G42: ='2025'!B44 -> 45909 | H42: ='2025'!M44 -> MASCULINO | I42: ='2025'!N44 -> 3720 | K42: ='2025'!AR44 -> SALA
A43: ='2025'!A46 -> 43 | B43: ='2025'!E45 -> 0 | C43: ='2025'!F45 -> 0 | E43: ='2025'!G45 -> COIHUECO | F43: ='2025'!I45 -> 0 | G43: ='2025'!B45 -> 45910 | H43: ='2025'!M45 -> MASCULINO | I43: ='2025'!N45 -> 4190 | K43: ='2025'!AR45 -> SALA
A44: ='2025'!A47 -> 44 | B44: ='2025'!E46 -> 0 | C44: ='2025'!F46 -> 0 | E44: ='2025'!G46 -> EL CARMEN | F44: ='2025'!I46 -> 0 | G44: ='2025'!B46 -> 45910 | H44: ='2025'!M46 -> MASCULINO | I44: ='2025'!N46 -> 4260 | K44: ='2025'!AR46 -> TIM NEO
A45: ='2025'!A49 -> 46 | B45: ='2025'!E48 -> 0 | C45: ='2025'!F48 -> 0 | E45: ='2025'!G48 -> BULNES | F45: ='2025'!I48 -> 0 | G45: ='2025'!B48 -> 45910 | H45: ='2025'!M48 -> FEMENINO | I45: ='2025'!N48 -> 3110 | K45: ='2025'!AR48 -> SALA
A47: ='2025'!A50 -> 47 | B47: ='2025'!E49 -> 0 | C47: ='2025'!F49 -> 0 | E47: ='2025'!G49 -> YUNGAY | F47: ='2025'!I49 -> 0 | G47: ='2025'!B49 -> 45910 | H47: ='2025'!M49 -> FEMENINO | I47: ='2025'!N49 -> 4070 | K47: ='2025'!AR49 -> RECUPERACION
A48: ='2025'!A51 -> 48 | B48: ='2025'!E50 -> 0 | C48: ='2025'!F50 -> 0 | E48: ='2025'!G50 -> CHILLAN | F48: ='2025'!I50 -> 0 | G48: ='2025'!C53 -> 0.42152778 | H48: ='2025'!M50 -> MASCULINO | I48: ='2025'!N50 -> 2940 | K48: ='2025'!AR50 -> RECUPERACION
A49: ='2025'!A52 -> 49 | B49: ='2025'!E51 -> 0 | C49: ='2025'!F51 -> 0 | E49: ='2025'!G51 -> CHILLAN | F49: ='2025'!I51 -> 0 | G49: ='2025'!B51 -> 45910 | H49: ='2025'!M51 -> FEMENINO | I49: ='2025'!N51 -> 2180 | K49: ='2025'!AR51 -> RECUPERACION
A50: ='2025'!A53 -> 50 | B50: ='2025'!E53 -> 0 | C50: ='2025'!F53 -> 0 | E50: ='2025'!#REF! -> #REF! | F50: ='2025'!I53 -> 0 | G50: ='2025'!B53 -> 45911 | H50: ='2025'!M53 -> MASCULINO | I50: ='2025'!N53 -> 3567 | K50: ='2025'!AR53 -> RECUPERACION
A51: ='2025'!A54 -> 51
A52: ='2025'!A55 -> 52 | C52: ='2025'!F54 -> 0 | E52: ='2025'!G54 -> EL CARMEN | F52: ='2025'!I54 -> 0 | G52: ='2025'!B54 -> 45911 | H52: ='2025'!M54 -> FEMENINO | I52: ='2025'!N54 -> 3880 | K52: ='2025'!AR54 -> RECUPERACION
A53: ='2025'!#REF! -> #REF! | B53: ='2025'!E55 -> 0 | C53: ='2025'!F55 -> 0 | E53: ='2025'!G55 -> CHILLAN | F53: ='2025'!I55 -> 0 | G53: ='2025'!B55 -> 45911 | H53: ='2025'!M55 -> FEMENINO | I53: ='2025'!N55 -> 2900 | K53: ='2025'!AR55 -> SALA
A54: ='2025'!A56 -> 53 | B54: ='2025'!#REF! -> #REF! | C54: ='2025'!#REF! -> #REF! | E54: ='2025'!#REF! -> #REF! | F54: ='2025'!#REF! -> #REF! | G54: ='2025'!#REF! -> #REF! | H54: ='2025'!#REF! -> #REF! | I54: ='2025'!#REF! -> #REF! | K54: ='2025'!#REF! -> #REF!
A55: ='2025'!A57 -> 54 | B55: ='2025'!E56 -> 0 | C55: ='2025'!F56 -> 0 | E55: ='2025'!G56 -> CHILLAN | F55: ='2025'!I56 -> 0 | G55: ='2025'!B56 -> 45911 | H55: ='2025'!M56 -> MASCULINO | I55: ='2025'!N56 -> 3890 | K55: ='2025'!AR56 -> SALA
A56: ='2025'!A58 -> 55 | B56: ='2025'!E57 -> 0 | C56: ='2025'!F57 -> 0 | E56: ='2025'!G57 -> SAN IGNACIO | F56: ='2025'!I57 -> 0 | G56: ='2025'!B57 -> 45911 | H56: ='2025'!M57 -> MASCULINO | I56: ='2025'!N57 -> 3030 | K56: ='2025'!AR57 -> RECUPERACION
A57: ='2025'!A59 -> 56 | B57: ='2025'!E58 -> 0 | C57: ='2025'!F58 -> 0 | E57: ='2025'!G58 -> YUNGAY | F57: ='2025'!I58 -> 0 | G57: ='2025'!B58 -> 45911 | H57: ='2025'!M58 -> FEMENINO | I57: ='2025'!N58 -> 2810 | K57: ='2025'!AR58 -> SALA
A58: ='2025'!A60 -> 57 | B58: ='2025'!E59 -> 0 | C58: ='2025'!F59 -> 0 | E58: ='2025'!G59 -> CHILLAN VIEJO | F58: ='2025'!I59 -> 0 | G58: ='2025'!B59 -> 45912 | H58: ='2025'!M59 -> FEMENINO | I58: ='2025'!N59 -> 3910 | K58: ='2025'!AR59 -> RECUPERACION
A59: ='2025'!A61 -> 58 | B59: ='2025'!E60 -> 0 | C59: ='2025'!F60 -> 0 | E59: ='2025'!G60 -> CHILLAN | F59: ='2025'!I60 -> 0 | G59: ='2025'!B60 -> 45912 | H59: ='2025'!M60 -> FEMENINO | I59: ='2025'!N60 -> 3030 | K59: ='2025'!AR60 -> SALA
A60: ='2025'!A62 -> 59 | B60: ='2025'!E61 -> 0 | C60: ='2025'!F61 -> 0 | E60: ='2025'!G61 -> CHILLAN | F60: ='2025'!I61 -> 0 | G60: ='2025'!B61 -> 45912 | H60: ='2025'!M61 -> FEMENINO | I60: ='2025'!N61 -> 3560 | K60: ='2025'!AR61 -> RECUPERACION
A61: ='2025'!A63 -> 60 | B61: ='2025'!E62 -> 0 | C61: ='2025'!F62 -> 0 | E61: ='2025'!G62 -> CHILLAN | F61: ='2025'!I62 -> 0 | G61: ='2025'!B62 -> 45912 | H61: ='2025'!M62 -> MASCULINO | I61: ='2025'!N62 -> 2960 | K61: ='2025'!AR62 -> SALA
A62: ='2025'!A64 -> 61 | B62: ='2025'!E63 -> 0 | C62: ='2025'!F63 -> 0 | E62: ='2025'!G63 -> CHILLAN | F62: ='2025'!I63 -> 0 | G62: ='2025'!B63 -> 45912 | H62: ='2025'!M63 -> MASCULINO | I62: ='2025'!N63 -> 3270 | K62: ='2025'!AR63 -> SALA
A63: ='2025'!A65 -> 62 | B63: ='2025'!E64 -> 0 | C63: ='2025'!F64 -> 0 | E63: ='2025'!G64 -> QUILLON | F63: ='2025'!I64 -> 0 | G63: ='2025'!B64 -> 45912 | H63: ='2025'!M64 -> FEMENINO | I63: ='2025'!N64 -> 3660 | K63: ='2025'!AR64 -> SALA
A64: ='2025'!A66 -> 63 | B64: ='2025'!E65 -> 0 | C64: ='2025'!F65 -> 0 | E64: ='2025'!G65 -> COELEMU | F64: ='2025'!I65 -> 0 | G64: ='2025'!B65 -> 45913 | H64: ='2025'!M65 -> MASCULINO | I64: ='2025'!N66 -> 2385 | K64: ='2025'!AR65 -> RECUPERACION
A65: ='2025'!A67 -> 64 | B65: ='2025'!E66 -> 0 | C65: ='2025'!F66 -> 0 | E65: ='2025'!G66 -> PORTEZUELO | F65: ='2025'!I66 -> 0 | G65: ='2025'!B66 -> 45913 | H65: ='2025'!M66 -> MASCULINO | I65: ='2025'!#REF! -> #REF! | K65: ='2025'!AR66 -> SALA
A66: ='2025'!A68 -> 65 | B66: ='2025'!E67 -> 0 | C66: ='2025'!F67 -> 0 | E66: ='2025'!G67 -> CHILLAN | F66: ='2025'!I67 -> 0 | G66: ='2025'!B67 -> 45913 | H66: ='2025'!M67 -> MASCULINO | I66: ='2025'!N67 -> 3710 | K66: ='2025'!AR67 -> SALA
A67: ='2025'!A69 -> 66 | B67: ='2025'!E68 -> 0 | C67: ='2025'!F68 -> 0 | E67: ='2025'!G68 -> EL CARMEN | F67: ='2025'!I68 -> 0 | G67: ='2025'!B68 -> 45913 | H67: ='2025'!M68 -> FEMENINO | I67: ='2025'!N68 -> 2370 | K67: ='2025'!AR68 -> UCI
A68: ='2025'!A70 -> 67 | B68: ='2025'!E69 -> 0 | C68: ='2025'!F69 -> 0 | E68: ='2025'!G69 -> CHILLAN | F68: ='2025'!I69 -> 0 | G68: ='2025'!B69 -> 45913 | H68: ='2025'!M69 -> FEMENINO | I68: ='2025'!N69 -> 2860 | K68: ='2025'!AR69 -> SALA
A69: ='2025'!A71 -> 68 | B69: ='2025'!E70 -> 0 | C69: ='2025'!F70 -> 0 | E69: ='2025'!G70 -> EL CARMEN | F69: ='2025'!I70 -> 0 | G69: ='2025'!B70 -> 45914 | H69: ='2025'!M70 -> FEMENINO | I69: ='2025'!N70 -> 2560 | K69: ='2025'!AR70 -> RECUPERACION
A70: ='2025'!A72 -> 69 | B70: ='2025'!E71 -> 0 | C70: ='2025'!F71 -> 0 | E70: ='2025'!G71 -> CHILLAN | F70: ='2025'!I71 -> 0 | G70: ='2025'!B71 -> 45914 | H70: ='2025'!M71 -> FEMENINO | I70: ='2025'!N71 -> 3990 | K70: ='2025'!AR71 -> SALA
A71: ='2025'!A73 -> 70 | B71: ='2025'!E72 -> 0 | C71: ='2025'!F72 -> 0 | E71: ='2025'!G72 -> CHILLAN | F71: ='2025'!I72 -> 0 | G71: ='2025'!B72 -> 45914 | H71: ='2025'!M72 -> MASCULINO | I71: ='2025'!N72 -> 4080 | K71: ='2025'!AR72 -> SALA
A72: ='2025'!A74 -> 71 | B72: ='2025'!E73 -> 0 | C72: ='2025'!F73 -> 0 | E72: ='2025'!G73 -> CHILLAN | F72: ='2025'!I73 -> 0 | G72: ='2025'!#REF! -> #REF! | H72: ='2025'!M73 -> FEMENINO | I72: ='2025'!N73 -> 3750 | K72: ='2025'!AR73 -> SALA
A73: ='2025'!A75 -> 72 | B73: ='2025'!E74 -> 0 | C73: ='2025'!F74 -> 0 | E73: ='2025'!G74 -> PORTEZUELO | F73: ='2025'!I74 -> 0 | G73: ='2025'!B74 -> 45902 | H73: ='2025'!M74 -> FEMENINO | I73: ='2025'!N74 -> 3590 | K73: ='2025'!AR74 -> RECUPERACION
A74: ='2025'!A76 -> 73 | B74: ='2025'!E75 -> 0 | C74: ='2025'!F75 -> 0 | E74: ='2025'!G75 -> CHILLAN VIEJO | F74: ='2025'!I75 -> 0 | G74: ='2025'!B75 -> 45915 | H74: ='2025'!M75 -> MASCULINO | I74: ='2025'!N75 -> 3220 | K74: ='2025'!AR75 -> RECUPERACION
A75: ='2025'!A77 -> 74 | B75: ='2025'!E76 -> 0 | C75: ='2025'!F76 -> 0 | E75: ='2025'!G76 -> ÑIPAS | F75: ='2025'!I76 -> 0 | G75: ='2025'!B76 -> 45915 | H75: ='2025'!M76 -> FEMENINO | I75: ='2025'!N76 -> 2360 | K75: ='2025'!AR76 -> RECUPERACION
A76: ='2025'!A78 -> 75 | B76: ='2025'!E77 -> 0 | C76: ='2025'!F77 -> 0 | D76: SI | E76: ='2025'!G77 -> SAN IGNACIO | F76: ='2025'!I77 -> 0 | G76: ='2025'!B77 -> 45916 | H76: ='2025'!M77 -> FEMENINO | I76: ='2025'!N77 -> 2830 | K76: ='2025'!AR77 -> SALA
A77: ='2025'!A79 -> 76 | B77: ='2025'!E78 -> 0 | C77: ='2025'!F78 -> 0 | D77: SI | E77: ='2025'!G78 -> QUIRIHUE | F77: ='2025'!I78 -> 0 | G77: ='2025'!B78 -> 45916 | H77: ='2025'!M78 -> FEMENINO | I77: ='2025'!N78 -> 3110 | K77: ='2025'!AR78 -> RECUPERACION
A78: ='2025'!A80 -> 77 | B78: ='2025'!E79 -> 0 | C78: ='2025'!F79 -> 0 | D78: SI | E78: ='2025'!G79 -> COIHUECO | F78: ='2025'!I79 -> 0 | G78: ='2025'!B79 -> 45916 | H78: ='2025'!M79 -> MASCULINO | I78: ='2025'!N79 -> 3220 | K78: ='2025'!AR79 -> RECUPERACION
A79: ='2025'!A81 -> 78 | B79: ='2025'!E80 -> 0 | C79: ='2025'!F80 -> 0 | D79: SI | E79: ='2025'!G80 -> PINTO | F79: ='2025'!I80 -> 0 | G79: ='2025'!B80 -> 45916 | H79: ='2025'!M80 -> MASCULINO | I79: ='2025'!N80 -> 3370 | K79: ='2025'!AR80 -> SALA
A80: ='2025'!A82 -> 79 | B80: ='2025'!E82 -> 0 | C80: ='2025'!F82 -> 0 | D80: SI | E80: ='2025'!G82 -> PINTO | F80: ='2025'!I82 -> 0 | G80: ='2025'!B82 -> 45916 | H80: ='2025'!M82 -> MASCULINO | I80: ='2025'!N82 -> 3450 | K80: ='2025'!AR82 -> SALA
A81: ='2025'!A83 -> 80 | B81: KATJERINE VERONICA PASTENE SOTO | C81: 17989175-1 | D81: SI | E81: CHILLAN | F81: 33510 | G81: 45761 | H81: FEMENINO | I81: 2885 | K81: SALA
A82: ='2025'!A84 -> 81 | B82: ='2025'!E83 -> 0 | C82: ='2025'!F83 -> 0 | D82: SI | E82: ='2025'!G83 -> CHILLAN | F82: ='2025'!I83 -> 0 | G82: ='2025'!B83 -> 45917 | H82: ='2025'!M83 -> FEMENINO | I82: ='2025'!N83 -> 3320 | K82: ='2025'!AR83 -> RECUPERACION
A83: ='2025'!A85 -> 82 | B83: ='2025'!E84 -> 0 | C83: ='2025'!F84 -> 0 | D83: SI | E83: ='2025'!G84 -> CHILLAN | F83: ='2025'!I84 -> 0 | G83: ='2025'!B84 -> 45917 | H83: ='2025'!M84 -> MASCULINO | I83: ='2025'!N84 -> 3410 | J83: GES 18 | K83: ='2025'!AR84 -> SALA
A84: ='2025'!A86 -> 83 | B84: ='2025'!E85 -> 0 | C84: ='2025'!F85 -> 0 | D84: SI | E84: ='2025'!G85 -> CHILLAN | F84: ='2025'!I85 -> 0 | G84: ='2025'!B85 -> 45918 | H84: ='2025'!M85 -> FEMENINO | I84: ='2025'!N85 -> 3610 | K84: ='2025'!AR85 -> RECUPERACION
A85: ='2025'!A87 -> 84 | B85: ='2025'!E86 -> 0 | C85: ='2025'!F86 -> 0 | D85: SI | E85: ='2025'!G86 -> CHILLAN | F85: ='2025'!I86 -> 0 | G85: ='2025'!B86 -> 45918 | H85: ='2025'!M86 -> MASCULINO | I85: ='2025'!N86 -> 3980 | K85: ='2025'!AR86 -> SALA
A86: ='2025'!A88 -> 85 | B86: ='2025'!E87 -> 0 | C86: ='2025'!F87 -> 0 | D86: SI | E86: ='2025'!G87 -> CHILLAN | F86: ='2025'!I87 -> 0 | G86: ='2025'!B87 -> 45918 | H86: ='2025'!M87 -> MASCULINO | I86: ='2025'!N87 -> 1990 | K86: ='2025'!AR87 -> UCI NEO
A87: ='2025'!A89 -> 86 | B87: ='2025'!E88 -> 0 | C87: ='2025'!F88 -> 0 | D87: SI | E87: ='2025'!G88 -> COIHUECO | F87: ='2025'!I88 -> 0 | G87: ='2025'!B88 -> 45918 | H87: ='2025'!M88 -> MASCULINO | I87: ='2025'!N88 -> 3050 | K87: ='2025'!AR88 -> RECUPERACION
A88: ='2025'!A90 -> 87 | B88: ='2025'!E89 -> 0 | C88: ='2025'!F89 -> 0 | D88: SI | E88: ='2025'!G89 -> CHILLAN | F88: ='2025'!I89 -> 0 | G88: ='2025'!B89 -> 45919 | H88: ='2025'!M89 -> MASCULINO | I88: ='2025'!N89 -> 3660 | K88: ='2025'!AR89 -> SALA
A89: ='2025'!A91 -> 88 | B89: ='2025'!E90 -> 0 | C89: ='2025'!F90 -> 0 | D89: SI | E89: ='2025'!G90 -> COIHUECO | F89: ='2025'!I90 -> 0 | G89: ='2025'!B90 -> 45919 | H89: ='2025'!M90 -> FEMENINO | I89: ='2025'!N90 -> 3970 | K89: ='2025'!AR90 -> SALA
A90: ='2025'!A92 -> 89 | B90: ='2025'!E91 -> 0 | C90: ='2025'!F91 -> 0 | D90: SI | E90: ='2025'!G91 -> EL CARMEN | F90: ='2025'!I91 -> 0 | G90: ='2025'!B91 -> 45920 | H90: ='2025'!M91 -> MASCULINO | I90: ='2025'!N91 -> 3300 | K90: ='2025'!AR91 -> SALA
A91: ='2025'!A93 -> 90 | B91: ='2025'!E92 -> 0 | C91: ='2025'!F92 -> 0 | D91: SI | E91: ='2025'!G92 -> COIHUECO | F91: ='2025'!I92 -> 0 | G91: ='2025'!B92 -> 45921 | H91: ='2025'!M92 -> MASCULINO | I91: ='2025'!N92 -> 3500 | K91: ='2025'!AR92 -> RECUPERACION
A92: ='2025'!A94 -> 91 | B92: ='2025'!E93 -> 0 | C92: ='2025'!F93 -> 0 | D92: SI | E92: ='2025'!G93 -> EL CARMEN | F92: ='2025'!I93 -> 0 | G92: ='2025'!B93 -> 45921 | H92: ='2025'!M93 -> MASCULINO | I92: ='2025'!N93 -> 2910 | K92: ='2025'!AR93 -> SALA
A93: ='2025'!A95 -> 92 | B93: ='2025'!E94 -> 0 | C93: ='2025'!F94 -> 0 | D93: SI | E93: ='2025'!G94 -> CHILLAN | F93: ='2025'!I94 -> 0 | G93: ='2025'!B94 -> 45922 | H93: ='2025'!M94 -> FEMENINO | I93: ='2025'!N94 -> 1670 | K93: ='2025'!AR94 -> TIM NEO
A94: ='2025'!A96 -> 93 | B94: ='2025'!E95 -> 0 | C94: ='2025'!F95 -> 0 | D94: SI | E94: ='2025'!G95 -> CHILLAN | F94: ='2025'!I95 -> 0 | G94: ='2025'!B95 -> 45922 | H94: ='2025'!M95 -> MASCULINO | I94: ='2025'!N95 -> 3970 | K94: ='2025'!AR95 -> RECUPERACION
A95: ='2025'!A97 -> 94 | B95: ='2025'!E96 -> 0 | C95: ='2025'!F96 -> 0 | D95: SI | E95: ='2025'!G96 -> EL CARMEN | F95: ='2025'!I96 -> 0 | G95: ='2025'!B96 -> 45922 | H95: ='2025'!M96 -> FEMENINO | I95: ='2025'!N96 -> 3060 | K95: ='2025'!AR96 -> RECUPERACION
A96: ='2025'!A98 -> 95 | B96: ='2025'!E97 -> 0 | C96: ='2025'!F97 -> 0 | E96: ='2025'!G97 -> COELEMU | F96: ='2025'!I97 -> 0 | G96: ='2025'!B97 -> 45922 | H96: ='2025'!M97 -> MASCULINO | I96: ='2025'!N97 -> 1350 | K96: ='2025'!AR97 -> TIM NEO
A97: ='2025'!A99 -> 96 | B97: ='2025'!E98 -> 0 | C97: ='2025'!F98 -> 0 | E97: ='2025'!G98 -> CHILLAN | F97: ='2025'!I98 -> 0 | G97: ='2025'!B98 -> 45922 | H97: ='2025'!M98 -> FEMENINO | I97: ='2025'!N98 -> 3260 | K97: ='2025'!AR98 -> SALA
A98: ='2025'!A100 -> 97 | B98: ='2025'!E99 -> 0 | C98: ='2025'!F99 -> 0 | E98: ='2025'!G99 -> CHILLÁN VIEJO | F98: ='2025'!I99 -> 0 | G98: ='2025'!B99 -> 45922 | H98: ='2025'!M99 -> FEMENINO | I98: ='2025'!N99 -> 3180 | K98: ='2025'!AR99 -> RECUPERACION
A99: ='2025'!A101 -> 98 | B99: ='2025'!E100 -> 0 | C99: ='2025'!F100 -> 0 | E99: ='2025'!G100 -> CHILLAN | F99: ='2025'!I100 -> 0 | G99: ='2025'!B100 -> 45922 | H99: ='2025'!M100 -> MASCULINO | I99: ='2025'!N100 -> 4130 | K99: ='2025'!AR100 -> RECUPERACION
A100: ='2025'!A102 -> 99 | B100: ='2025'!E101 -> 0 | C100: ='2025'!F101 -> 0 | E100: ='2025'!G101 -> CHILLAN | F100: ='2025'!I101 -> 0 | G100: ='2025'!B101 -> 45922 | H100: ='2025'!M101 -> FEMENINO | I100: ='2025'!N101 -> 3420 | K100: ='2025'!AR101 -> RECUPERACION
A101: ='2025'!A103 -> 100 | B101: ='2025'!E102 -> 0 | C101: ='2025'!F102 -> 0 | E101: ='2025'!G102 -> QUIRIQUINA | F101: ='2025'!I102 -> 0 | G101: ='2025'!B102 -> 45923 | H101: ='2025'!M102 -> MASCULINO | I101: ='2025'!N102 -> 3230 | K101: ='2025'!AR102 -> RECUPERACION
A102: ='2025'!A104 -> 101 | B102: ='2025'!E103 -> 0 | C102: ='2025'!F103 -> 0 | E102: ='2025'!G103 -> COIHUECO | F102: ='2025'!I103 -> 0 | G102: ='2025'!B103 -> 45923 | H102: ='2025'!M103 -> MASCULINO | I102: ='2025'!N103 -> 4060 | K102: ='2025'!AR103 -> RECUPERACION
A103: ='2025'!A105 -> 102 | B103: ='2025'!E104 -> 0 | C103: ='2025'!F104 -> 0 | E103: ='2025'!G104 -> CHILLAN | F103: ='2025'!I104 -> 0 | G103: ='2025'!B104 -> 45923 | H103: ='2025'!M104 -> FEMENINO | I103: ='2025'!N104 -> 3830 | K103: ='2025'!AR104 -> SALA
A104: ='2025'!A106 -> 103 | B104: ='2025'!E105 -> 0 | C104: ='2025'!F105 -> 0 | E104: ='2025'!G105 -> EL CARMEN | F104: ='2025'!I105 -> 0 | G104: ='2025'!B105 -> 45923 | H104: ='2025'!M105 -> MASCULINO | I104: ='2025'!N105 -> 2480 | K104: ='2025'!AR105 -> TIM NEO
A105: ='2025'!A107 -> 104 | B105: ='2025'!E106 -> 0 | C105: ='2025'!F106 -> 0 | E105: ='2025'!G106 -> 0 | F105: ='2025'!I106 -> 0 | G105: ='2025'!B106 -> 45923 | H105: ='2025'!M106 -> MASCULINO | I105: ='2025'!N106 -> 2399 | K105: ='2025'!AR106 -> TIM NEO
A106: ='2025'!A108 -> 105 | B106: ='2025'!E107 -> 0 | C106: ='2025'!F107 -> 0 | E106: ='2025'!G107 -> BULNES | F106: ='2025'!I107 -> 0 | G106: ='2025'!B107 -> 45923 | H106: ='2025'!M107 -> FEMENINO | I106: ='2025'!N107 -> 2800 | K106: ='2025'!AR107 -> SALA
A107: ='2025'!A109 -> 106 | B107: ='2025'!E108 -> 0 | C107: ='2025'!F108 -> 0 | E107: ='2025'!G108 -> EL ROSAL | F107: ='2025'!I108 -> 0 | G107: ='2025'!B108 -> 45923 | H107: ='2025'!M108 -> FEMENINO | I107: ='2025'!N108 -> 3400 | K107: ='2025'!AR108 -> SALA
... A127: ='2025'!A129 -> 126 | B127: ='2025'!E128 -> 0 | C127: ='2025'!F128 -> 0 | E127: ='2025'!G128 -> COELEMU | F127: ='2025'!I128 -> 0 | G127: ='2025'!B128 -> 45928 | H127: ='2025'!M128 -> FEMENINO | I127: ='2025'!N128 -> 3390 | K127: ='2025'!AR128 -> SALA
A128: ='2025'!A130 -> 127 | B128: ='2025'!E129 -> 0 | C128: ='2025'!F129 -> 0 | D128: SI | E128: ='2025'!G129 -> CHILLAN | F128: ='2025'!I129 -> 0 | G128: ='2025'!B129 -> 45928 | H128: ='2025'!M129 -> MASCULINO | I128: ='2025'!N129 -> 2360 | K128: ='2025'!AR129 -> BASICO
A129: ='2025'!A131 -> 128 | B129: ='2025'!E130 -> 0 | C129: ='2025'!F130 -> 0 | D129: SI | E129: ='2025'!G130 -> BULNES | F129: ='2025'!I130 -> 0 | G129: ='2025'!B130 -> 45928 | H129: ='2025'!M130 -> MASCULINO | I129: ='2025'!N130 -> 1310 | K129: ='2025'!AR130 -> UCI
A130: ='2025'!A132 -> 129 | B130: ='2025'!E131 -> 0 | C130: ='2025'!F131 -> 0 | D130: SI | E130: ='2025'!G131 -> CHILLAN VIEJO | F130: ='2025'!I131 -> 0 | G130: ='2025'!B131 -> 45928 | H130: ='2025'!M131 -> MASCULINO | I130: ='2025'!N131 -> 3190 | K130: ='2025'!AR131 -> RECUPERACION
A131: ='2025'!A133 -> 130 | B131: ='2025'!E132 -> 0 | C131: ='2025'!F132 -> 0 | D131: SI | E131: ='2025'!G132 -> COIHUECO | F131: ='2025'!I132 -> 0 | G131: ='2025'!B132 -> 45929 | H131: ='2025'!M132 -> MASCULINO | I131: ='2025'!N132 -> 2010 | K131: ='2025'!AR132 -> SALA
A132: ='2025'!A134 -> 131 | B132: ='2025'!E133 -> 0 | C132: ='2025'!F133 -> 0 | D132: SI | E132: ='2025'!G133 -> CHILLAN | F132: ='2025'!I133 -> 0 | G132: ='2025'!B133 -> 45929 | H132: ='2025'!M133 -> FEMENINO | I132: ='2025'!N133 -> 3290 | K132: ='2025'!AR133 -> RECUPERACION
...

Sheet REM
A1: SECCIÓN D: INFORMACIÓN DE RECIÉN NACIDOS
A2: SECCIÓN D.1: INFORMACION GENERAL DE RECIEN NACIDOS VIVOS
A3: TIPO | C3: TOTAL | D3: PESO AL NACER (EN GRAMOS) | L3: Anomalía Congénita | M3: REM A 24
D4: Menos de 500 | E4: 500 a 999 | F4: 1.000 a 1.499 | G4: 1.500 a 1.999 | H4: 2.000 a 2.499 | I4: 2.500 a 2.999 | J4: 3.000 a 3.999 | K4: 4.000 y más
A5: NACIDOS VIVOS | C5: =SUM(D5:K5) -> 143 | D5: =COUNTIFS('2025'!N:N, "<500",'2025'!N:N, ">250") -> 0 | E5: =COUNTIFS('2025'!N:N, "<1000",'2025'!N:N, ">499") -> 2 | F5: =COUNTIFS('2025'!N:N, "<1500",'2025'!N:N, ">999") -> 2 | G5: =COUNTIFS('2025'!N:N, "<2000",'2025'!N:N, ">1499") -> 4 | H5: 16 | I5: =COUNTIFS('2025'!N:N, "<3000",'2025'!N:N, ">2499") -> 23 | J5: =COUNTIFS('2025'!N:N, "<4000",'2025'!N:N, ">2999") -> 82 | K5: =COUNTIFS('2025'!N:N, "<5500",'2025'!N:N, ">3999") -> 14 | L5: =COUNTIF('2025'!AO:AO, "SI") -> 1 | CA5: =IF(DA5=1,"* Total Nacidos Vivos con Anomalía Congénita NO DEBE ser MAYOR a Nacidos Vivos según peso al Nacer. ","")
A6: SECCIÓN D.2: ATENCION INMEDIATA DEL RECIEN NACIDO | H6: =COUNTIFS('2025'!N:N, "<2500",'2025'!N:N, ">1999") -> 17
A7: TIPO | C7: PROFILAXIS | E7: TIPO DE PARTO | I7: APGAR | K7: Reanimación Básica | L7: Reanimación Avanzada | M7: EHI Grado II y III | N7: REM A 24
C8: Hepatitis B | D8: Ocular | E8: Parto Vaginal | F8: Parto Instrumental | G8: Cesárea | H8: Parto extrahospitalario | I8: Apgar menor o igual a 3 al minuto | J8: Apgar menor o igual a 6 a los 5 minutos
A9: NACIDOS VIVOS | C9: =COUNTIF('2025'!T:T,"SI") -> 143 | D9: =COUNTIF('2025'!S:S,"SI") -> 143 | E9: =COUNTIF('2025'!J:J, "EUTOCICO") -> 73 | F9: =E12+E13 -> 4 | G9: =H12+H13 -> 66 | H9: 0 | I9: =COUNTIF('2025'!W:W, "<4") -> 3 | J9: =COUNTIF('2025'!X:X, "<7") -> 3 | K9: =COUNTIF('2025'!Y:Y, "SI") -> 16 | L9: =COUNTIF('2025'!Z:Z, "SI") -> 6
D12: DISTOCICO | E12: =COUNTIFS('2025'!J:J,"DISTOCICO") -> 1 | G12: C. URGENCIA | H12: =COUNTIF('2025'!J:J, "CESAREA URGENCIA") -> 39
D13: VACUUM | E13: =COUNTIFS('2025'!J:J,"VACUUM") -> 3 | G13: C. ELECTIVA | H13: =COUNTIF('2025'!J:J, "CESAREA ELECTIVA") -> 27
D15: TOTAL DE PARTOS | F15: =SUM(E9:G9) -> 143
A18: SECCION D: APLICACIÓN DE PROFILAXIS OCULAR PARA GONORREA EN RECIEN NACIDOS
B19: Total | C19: Pueblos Originarios | D19: Migrantes | E19: REM A11
A20: Recién Nacidos vivos que reciben profilaxis ocular para gonorrea al nacer | B20: =COUNTIF('2025'!S:S, "SI") -> 143 | C20: =COUNTIFS('2025'!S:S,"SI",'2025'!AM:AM,"SI") -> 0 | D20: =COUNTIFS('2025'!S:S, "SI",'2025'!AL:AL, "SI") -> 7 | CA20: =IF(AND($B20<>0,C20=""),"* No olvide ingresar la columna Pueblos Originarios (Digite CERO si no tiene). ",IF(C20>$B20,"* El Número de recién nacidos pertenecientes a Pueblos Originarios no puede superar el Total. ","")) | CB20: =IF(AND($B20<>0,D20=""),"* No olvide ingresar la columna Migrantes (Digite CERO si no tiene). ",IF(D20>$B20,"* El Número de recién nacidos en tratamiento pertenecientes a Población Migrante no puede superar el Total. ","")) | CG20: =IF(AND($B20<>0,C20=""),1,IF(C20>$B20,1,0)) -> 0 | CH20: =IF(AND($B20<>0,D20=""),1,IF(D20>$B20,1,0)) -> 0
A21: Recién nacidos vivos | B21: =C5 -> 143 | C21: =COUNTIFS('2025'!AM:AM,"SI") -> 0 | D21: =COUNTIF('2025'!AL:AL, "SI") -> 7 | CA21: =IF(AND($B21<>0,C21=""),"* No olvide ingresar la columna Pueblos Originarios (Digite CERO si no tiene). ",IF(C21>$B21,"* El Número de recién nacidos pertenecientes a Pueblos Originarios no puede superar el Total. ","")) | CB21: =IF(AND($B21<>0,D21=""),"* No olvide ingresar la columna Migrantes (Digite CERO si no tiene). ",IF(D21>$B21,"* El Número de recién nacidos en tratamiento pertenecientes a Población Migrante no puede superar el Total. ","")) | CG21: =IF(AND($B21<>0,C21=""),1,IF(C21>$B21,1,0)) -> 0 | CH21: =IF(AND($B21<>0,D21=""),1,IF(D21>$B21,1,0)) -> 0
A24: SECCION J: PROFILAXIS DE TRANSMISIÓN VERTICAL APLICADA AL RECIEN NACIDO, HIJO DE MADRE HEPATITIS B POSITIVA
B25: Total | C25: Pueblos Originarios | D25: Migrantes | E25: REM A11
A26: Recién nacidos hijos de madre Hepatitis B positiva, nacidos en el periodo | B26: =COUNTIF('2025'!AI:AI, "POSITIVO") -> 0 | C26: =COUNTIFS('2025'!AI:AI,"POSITIVO",'2025'!AM:AM, "SI") -> 0 | D26: =COUNTIFS('2025'!AI:AI,"POSITIVO",'2025'!AL:AL, "SI") -> 0 | CA26: =IF(AND($B26<>0,C26=""),"* No olvide ingresar la columna Pueblos Originarios (Digite CERO si no tiene). ",IF(C26>$B26,"* El Número de recién nacidos pertenecientes a Pueblos Originarios no puede superar el Total. ","")) | CB26: =IF(AND($B26<>0,D26=""),"* No olvide ingresar la columna Migrantes (Digite CERO si no tiene). ",IF(D26>$B26,"* El Número de recién nacidos en tratamiento pertenecientes a Población Migrante no puede superar el Total. ","")) | CG26: =IF(AND($B26<>0,C26=""),1,IF(C26>$B26,1,0)) -> 0 | CH26: =IF(AND($B26<>0,D26=""),1,IF(D26>$B26,1,0)) -> 0
A27: Recién nacidos hijos de madre Hepatitis B positiva que recibieron profilaxis completa, según la normativa vigente | B27: =COUNTIF('2025'!AJ:AJ, "SI") -> 0 | C27: =COUNTIFS('2025'!AJ:AJ,"SI",'2025'!AM:AM, "SI") -> 0 | D27: =COUNTIFS('2025'!AJ:AJ,"SI",'2025'!AL:AL, "SI") -> 0 | CA27: =IF(AND($B27<>0,C27=""),"* No olvide ingresar la columna Pueblos Originarios (Digite CERO si no tiene). ",IF(C27>$B27,"* El Número de recién nacidos pertenecientes a Pueblos Originarios no puede superar el Total. ","")) | CB27: =IF(AND($B27<>0,D27=""),"* No olvide ingresar la columna Migrantes (Digite CERO si no tiene). ",IF(D27>$B27,"* El Número de recién nacidos en tratamiento pertenecientes a Población Migrante no puede superar el Total. ","")) | CG27: =IF(AND($B27<>0,C27=""),1,IF(C27>$B27,1,0)) -> 0 | CH27: =IF(AND($B27<>0,D27=""),1,IF(D27>$B27,1,0)) -> 0
A30: CARACTERISTICAS DEL PARTO | C30: Lactancia materna en los primeros 60 minutos de vida (RN con peso de 2.500 grs. o más) | E30: REM 24
A33: TOTAL PARTOS | C33: =SUM(C34:C37) -> 122
A34: VAGINAL | C34: =COUNTIFS('2025'!R:R, "SI",'2025'!J:J, "EUTOCICO") -> 65
A35: INSTRUMENTAL | C35: =COUNTIFS('2025'!R:R, "SI",'2025'!J:J, "CESAREA DISTOCICO") -> 0
A36: CESÁREA ELECTIVA | C36: =COUNTIFS('2025'!R:R, "SI",'2025'!J:J,"CESAREA ELECTIVA") -> 26
A37: CESÁREA URGENCIA | C37: =COUNTIFS('2025'!R:R, "SI",'2025'!J:J, "CESAREA URGENCIA") -> 31
